
[02:22:50 UTC] [INFO] ---- Processing batch process for Customizer start ----
[02:22:50 UTC] [INFO] Starting image import for URL: http://localhost/hq-store/wp-content/uploads/2026/04/logo.png
[02:22:50 UTC] [WARNING] Invalid image URL provided: http://localhost/hq-store/wp-content/uploads/2026/04/logo.png
[02:22:50 UTC] [INFO] Starting image import for URL: http://localhost/hq-store/wp-content/uploads/2026/04/logo.png
[02:22:50 UTC] [WARNING] Invalid image URL provided: http://localhost/hq-store/wp-content/uploads/2026/04/logo.png
[02:22:50 UTC] [INFO] Starting image import for URL: http://localhost/hq-store/wp-content/uploads/2026/04/pexels-photo-8939794.jpeg
[02:22:50 UTC] [WARNING] Invalid image URL provided: http://localhost/hq-store/wp-content/uploads/2026/04/pexels-photo-8939794.jpeg
[02:22:50 UTC] [INFO] ---- Processing batch process for Customizer done ----
[03:17:11 UTC] [SUCCESS] {"required_plugins":{"active":[],"inactive":[],"notinstalled":[{"slug":"elementor","init":"elementor\/elementor.php","name":"Elementor","action":"http:\/\/localhost\/hq-store\/wp-admin\/update.php?action=install-plugin&plugin=elementor&_wpnonce=8f961a87c9"},{"slug":"variation-swatches-woo","init":"variation-swatches-woo\/variation-swatches-woo.php","name":"Variation Swatches for WooCommerce","action":"http:\/\/localhost\/hq-store\/wp-admin\/update.php?action=install-plugin&plugin=variation-swatches-woo&_wpnonce=63c0b5c0d8"},{"slug":"woocommerce","init":"woocommerce\/woocommerce.php","name":"WooCommerce","action":"http:\/\/localhost\/hq-store\/wp-admin\/update.php?action=install-plugin&plugin=woocommerce&_wpnonce=95f30e620a"},{"slug":"header-footer-elementor","init":"header-footer-elementor\/header-footer-elementor.php","name":"Ultimate Addons for Elementor (UAE)","action":"http:\/\/localhost\/hq-store\/wp-admin\/update.php?action=install-plugin&plugin=header-footer-elementor&_wpnonce=64cf48398d"},{"slug":"woocommerce-payments","init":"woocommerce-payments\/woocommerce-payments.php","name":"WooPayments","action":"http:\/\/localhost\/hq-store\/wp-admin\/update.php?action=install-plugin&plugin=woocommerce-payments&_wpnonce=12126146f8"},{"slug":"cartflows","init":"cartflows\/cartflows.php","name":"CartFlows","action":"http:\/\/localhost\/hq-store\/wp-admin\/update.php?action=install-plugin&plugin=cartflows&_wpnonce=3958e43be8"},{"slug":"woo-cart-abandonment-recovery","init":"woo-cart-abandonment-recovery\/woo-cart-abandonment-recovery.php","name":"Cart Abandonment Recovery for WooCommerce","action":"http:\/\/localhost\/hq-store\/wp-admin\/update.php?action=install-plugin&plugin=woo-cart-abandonment-recovery&_wpnonce=0d5c8946ac"},{"slug":"modern-cart","init":"modern-cart\/modern-cart.php","name":"Modern Cart Starter for WooCommerce","action":"http:\/\/localhost\/hq-store\/wp-admin\/update.php?action=install-plugin&plugin=modern-cart&_wpnonce=e94ddb55a6"},{"slug":"sureforms","init":"sureforms\/sureforms.php","name":"SureForms","action":"http:\/\/localhost\/hq-store\/wp-admin\/update.php?action=install-plugin&plugin=sureforms&_wpnonce=65573bfc92"},{"slug":"power-coupons","init":"power-coupons\/power-coupons.php","name":"Power Coupons for WooCommerce","action":"http:\/\/localhost\/hq-store\/wp-admin\/update.php?action=install-plugin&plugin=power-coupons&_wpnonce=127475af0a"}]},"third_party_required_plugins":[],"update_avilable_plugins":[],"incompatible_plugins":[],"error":false} | Context: {"required_plugins":{"active":[],"inactive":[],"notinstalled":[{"slug":"elementor","init":"elementor\/elementor.php","name":"Elementor","action":"http:\/\/localhost\/hq-store\/wp-admin\/update.php?action=install-plugin&plugin=elementor&_wpnonce=8f961a87c9"},{"slug":"variation-swatches-woo","init":"variation-swatches-woo\/variation-swatches-woo.php","name":"Variation Swatches for WooCommerce","action":"http:\/\/localhost\/hq-store\/wp-admin\/update.php?action=install-plugin&plugin=variation-swatches-woo&_wpnonce=63c0b5c0d8"},{"slug":"woocommerce","init":"woocommerce\/woocommerce.php","name":"WooCommerce","action":"http:\/\/localhost\/hq-store\/wp-admin\/update.php?action=install-plugin&plugin=woocommerce&_wpnonce=95f30e620a"},{"slug":"header-footer-elementor","init":"header-footer-elementor\/header-footer-elementor.php","name":"Ultimate Addons for Elementor (UAE)","action":"http:\/\/localhost\/hq-store\/wp-admin\/update.php?action=install-plugin&plugin=header-footer-elementor&_wpnonce=64cf48398d"},{"slug":"woocommerce-payments","init":"woocommerce-payments\/woocommerce-payments.php","name":"WooPayments","action":"http:\/\/localhost\/hq-store\/wp-admin\/update.php?action=install-plugin&plugin=woocommerce-payments&_wpnonce=12126146f8"},{"slug":"cartflows","init":"cartflows\/cartflows.php","name":"CartFlows","action":"http:\/\/localhost\/hq-store\/wp-admin\/update.php?action=install-plugin&plugin=cartflows&_wpnonce=3958e43be8"},{"slug":"woo-cart-abandonment-recovery","init":"woo-cart-abandonment-recovery\/woo-cart-abandonment-recovery.php","name":"Cart Abandonment Recovery for WooCommerce","action":"http:\/\/localhost\/hq-store\/wp-admin\/update.php?action=install-plugin&plugin=woo-cart-abandonment-recovery&_wpnonce=0d5c8946ac"},{"slug":"modern-cart","init":"modern-cart\/modern-cart.php","name":"Modern Cart Starter for WooCommerce","action":"http:\/\/localhost\/hq-store\/wp-admin\/update.php?action=install-plugin&plugin=modern-cart&_wpnonce=e94ddb55a6"},{"slug":"sureforms","init":"sureforms\/sureforms.php","name":"SureForms","action":"http:\/\/localhost\/hq-store\/wp-admin\/update.php?action=install-plugin&plugin=sureforms&_wpnonce=65573bfc92"},{"slug":"power-coupons","init":"power-coupons\/power-coupons.php","name":"Power Coupons for WooCommerce","action":"http:\/\/localhost\/hq-store\/wp-admin\/update.php?action=install-plugin&plugin=power-coupons&_wpnonce=127475af0a"}]},"third_party_required_plugins":[],"update_avilable_plugins":[],"incompatible_plugins":[],"error":false}
[03:17:13 UTC] [SUCCESS] {"permissions":{"is_readable":true,"is_writable":true,"is_wp_filesystem":true},"directory":"C:\\xampp\\htdocs\\hq-store\/wp-content\/uploads"} | Context: {"permissions":{"is_readable":true,"is_writable":true,"is_wp_filesystem":true},"directory":"C:\\xampp\\htdocs\\hq-store\/wp-content\/uploads"}
[03:18:14 UTC] [SUCCESS] {"required_plugins":{"active":[],"inactive":[],"notinstalled":[{"slug":"elementor","init":"elementor\/elementor.php","name":"Elementor","action":"http:\/\/localhost\/hq-store\/wp-admin\/update.php?action=install-plugin&plugin=elementor&_wpnonce=8f961a87c9"},{"slug":"variation-swatches-woo","init":"variation-swatches-woo\/variation-swatches-woo.php","name":"Variation Swatches for WooCommerce","action":"http:\/\/localhost\/hq-store\/wp-admin\/update.php?action=install-plugin&plugin=variation-swatches-woo&_wpnonce=63c0b5c0d8"},{"slug":"woocommerce","init":"woocommerce\/woocommerce.php","name":"WooCommerce","action":"http:\/\/localhost\/hq-store\/wp-admin\/update.php?action=install-plugin&plugin=woocommerce&_wpnonce=95f30e620a"},{"slug":"header-footer-elementor","init":"header-footer-elementor\/header-footer-elementor.php","name":"Ultimate Addons for Elementor (UAE)","action":"http:\/\/localhost\/hq-store\/wp-admin\/update.php?action=install-plugin&plugin=header-footer-elementor&_wpnonce=64cf48398d"},{"slug":"woocommerce-payments","init":"woocommerce-payments\/woocommerce-payments.php","name":"WooPayments","action":"http:\/\/localhost\/hq-store\/wp-admin\/update.php?action=install-plugin&plugin=woocommerce-payments&_wpnonce=12126146f8"},{"slug":"cartflows","init":"cartflows\/cartflows.php","name":"CartFlows","action":"http:\/\/localhost\/hq-store\/wp-admin\/update.php?action=install-plugin&plugin=cartflows&_wpnonce=3958e43be8"},{"slug":"woo-cart-abandonment-recovery","init":"woo-cart-abandonment-recovery\/woo-cart-abandonment-recovery.php","name":"Cart Abandonment Recovery for WooCommerce","action":"http:\/\/localhost\/hq-store\/wp-admin\/update.php?action=install-plugin&plugin=woo-cart-abandonment-recovery&_wpnonce=0d5c8946ac"},{"slug":"modern-cart","init":"modern-cart\/modern-cart.php","name":"Modern Cart Starter for WooCommerce","action":"http:\/\/localhost\/hq-store\/wp-admin\/update.php?action=install-plugin&plugin=modern-cart&_wpnonce=e94ddb55a6"},{"slug":"sureforms","init":"sureforms\/sureforms.php","name":"SureForms","action":"http:\/\/localhost\/hq-store\/wp-admin\/update.php?action=install-plugin&plugin=sureforms&_wpnonce=65573bfc92"},{"slug":"power-coupons","init":"power-coupons\/power-coupons.php","name":"Power Coupons for WooCommerce","action":"http:\/\/localhost\/hq-store\/wp-admin\/update.php?action=install-plugin&plugin=power-coupons&_wpnonce=127475af0a"}]},"third_party_required_plugins":[],"update_avilable_plugins":[],"incompatible_plugins":[],"error":false} | Context: {"required_plugins":{"active":[],"inactive":[],"notinstalled":[{"slug":"elementor","init":"elementor\/elementor.php","name":"Elementor","action":"http:\/\/localhost\/hq-store\/wp-admin\/update.php?action=install-plugin&plugin=elementor&_wpnonce=8f961a87c9"},{"slug":"variation-swatches-woo","init":"variation-swatches-woo\/variation-swatches-woo.php","name":"Variation Swatches for WooCommerce","action":"http:\/\/localhost\/hq-store\/wp-admin\/update.php?action=install-plugin&plugin=variation-swatches-woo&_wpnonce=63c0b5c0d8"},{"slug":"woocommerce","init":"woocommerce\/woocommerce.php","name":"WooCommerce","action":"http:\/\/localhost\/hq-store\/wp-admin\/update.php?action=install-plugin&plugin=woocommerce&_wpnonce=95f30e620a"},{"slug":"header-footer-elementor","init":"header-footer-elementor\/header-footer-elementor.php","name":"Ultimate Addons for Elementor (UAE)","action":"http:\/\/localhost\/hq-store\/wp-admin\/update.php?action=install-plugin&plugin=header-footer-elementor&_wpnonce=64cf48398d"},{"slug":"woocommerce-payments","init":"woocommerce-payments\/woocommerce-payments.php","name":"WooPayments","action":"http:\/\/localhost\/hq-store\/wp-admin\/update.php?action=install-plugin&plugin=woocommerce-payments&_wpnonce=12126146f8"},{"slug":"cartflows","init":"cartflows\/cartflows.php","name":"CartFlows","action":"http:\/\/localhost\/hq-store\/wp-admin\/update.php?action=install-plugin&plugin=cartflows&_wpnonce=3958e43be8"},{"slug":"woo-cart-abandonment-recovery","init":"woo-cart-abandonment-recovery\/woo-cart-abandonment-recovery.php","name":"Cart Abandonment Recovery for WooCommerce","action":"http:\/\/localhost\/hq-store\/wp-admin\/update.php?action=install-plugin&plugin=woo-cart-abandonment-recovery&_wpnonce=0d5c8946ac"},{"slug":"modern-cart","init":"modern-cart\/modern-cart.php","name":"Modern Cart Starter for WooCommerce","action":"http:\/\/localhost\/hq-store\/wp-admin\/update.php?action=install-plugin&plugin=modern-cart&_wpnonce=e94ddb55a6"},{"slug":"sureforms","init":"sureforms\/sureforms.php","name":"SureForms","action":"http:\/\/localhost\/hq-store\/wp-admin\/update.php?action=install-plugin&plugin=sureforms&_wpnonce=65573bfc92"},{"slug":"power-coupons","init":"power-coupons\/power-coupons.php","name":"Power Coupons for WooCommerce","action":"http:\/\/localhost\/hq-store\/wp-admin\/update.php?action=install-plugin&plugin=power-coupons&_wpnonce=127475af0a"}]},"third_party_required_plugins":[],"update_avilable_plugins":[],"incompatible_plugins":[],"error":false}
[03:18:16 UTC] [SUCCESS] {"permissions":{"is_readable":true,"is_writable":true,"is_wp_filesystem":true},"directory":"C:\\xampp\\htdocs\\hq-store\/wp-content\/uploads"} | Context: {"permissions":{"is_readable":true,"is_writable":true,"is_wp_filesystem":true},"directory":"C:\\xampp\\htdocs\\hq-store\/wp-content\/uploads"}
[03:18:26 UTC] [SUCCESS] {"required_plugins":{"active":[],"inactive":[],"notinstalled":[{"slug":"elementor","init":"elementor\/elementor.php","name":"Elementor","action":"http:\/\/localhost\/hq-store\/wp-admin\/update.php?action=install-plugin&plugin=elementor&_wpnonce=8f961a87c9"},{"slug":"variation-swatches-woo","init":"variation-swatches-woo\/variation-swatches-woo.php","name":"Variation Swatches for WooCommerce","action":"http:\/\/localhost\/hq-store\/wp-admin\/update.php?action=install-plugin&plugin=variation-swatches-woo&_wpnonce=63c0b5c0d8"},{"slug":"woocommerce","init":"woocommerce\/woocommerce.php","name":"WooCommerce","action":"http:\/\/localhost\/hq-store\/wp-admin\/update.php?action=install-plugin&plugin=woocommerce&_wpnonce=95f30e620a"},{"slug":"header-footer-elementor","init":"header-footer-elementor\/header-footer-elementor.php","name":"Ultimate Addons for Elementor (UAE)","action":"http:\/\/localhost\/hq-store\/wp-admin\/update.php?action=install-plugin&plugin=header-footer-elementor&_wpnonce=64cf48398d"},{"slug":"woocommerce-payments","init":"woocommerce-payments\/woocommerce-payments.php","name":"WooPayments","action":"http:\/\/localhost\/hq-store\/wp-admin\/update.php?action=install-plugin&plugin=woocommerce-payments&_wpnonce=12126146f8"},{"slug":"cartflows","init":"cartflows\/cartflows.php","name":"CartFlows","action":"http:\/\/localhost\/hq-store\/wp-admin\/update.php?action=install-plugin&plugin=cartflows&_wpnonce=3958e43be8"},{"slug":"woo-cart-abandonment-recovery","init":"woo-cart-abandonment-recovery\/woo-cart-abandonment-recovery.php","name":"Cart Abandonment Recovery for WooCommerce","action":"http:\/\/localhost\/hq-store\/wp-admin\/update.php?action=install-plugin&plugin=woo-cart-abandonment-recovery&_wpnonce=0d5c8946ac"},{"slug":"modern-cart","init":"modern-cart\/modern-cart.php","name":"Modern Cart Starter for WooCommerce","action":"http:\/\/localhost\/hq-store\/wp-admin\/update.php?action=install-plugin&plugin=modern-cart&_wpnonce=e94ddb55a6"},{"slug":"sureforms","init":"sureforms\/sureforms.php","name":"SureForms","action":"http:\/\/localhost\/hq-store\/wp-admin\/update.php?action=install-plugin&plugin=sureforms&_wpnonce=65573bfc92"},{"slug":"power-coupons","init":"power-coupons\/power-coupons.php","name":"Power Coupons for WooCommerce","action":"http:\/\/localhost\/hq-store\/wp-admin\/update.php?action=install-plugin&plugin=power-coupons&_wpnonce=127475af0a"}]},"third_party_required_plugins":[],"update_avilable_plugins":[],"incompatible_plugins":[],"error":false} | Context: {"required_plugins":{"active":[],"inactive":[],"notinstalled":[{"slug":"elementor","init":"elementor\/elementor.php","name":"Elementor","action":"http:\/\/localhost\/hq-store\/wp-admin\/update.php?action=install-plugin&plugin=elementor&_wpnonce=8f961a87c9"},{"slug":"variation-swatches-woo","init":"variation-swatches-woo\/variation-swatches-woo.php","name":"Variation Swatches for WooCommerce","action":"http:\/\/localhost\/hq-store\/wp-admin\/update.php?action=install-plugin&plugin=variation-swatches-woo&_wpnonce=63c0b5c0d8"},{"slug":"woocommerce","init":"woocommerce\/woocommerce.php","name":"WooCommerce","action":"http:\/\/localhost\/hq-store\/wp-admin\/update.php?action=install-plugin&plugin=woocommerce&_wpnonce=95f30e620a"},{"slug":"header-footer-elementor","init":"header-footer-elementor\/header-footer-elementor.php","name":"Ultimate Addons for Elementor (UAE)","action":"http:\/\/localhost\/hq-store\/wp-admin\/update.php?action=install-plugin&plugin=header-footer-elementor&_wpnonce=64cf48398d"},{"slug":"woocommerce-payments","init":"woocommerce-payments\/woocommerce-payments.php","name":"WooPayments","action":"http:\/\/localhost\/hq-store\/wp-admin\/update.php?action=install-plugin&plugin=woocommerce-payments&_wpnonce=12126146f8"},{"slug":"cartflows","init":"cartflows\/cartflows.php","name":"CartFlows","action":"http:\/\/localhost\/hq-store\/wp-admin\/update.php?action=install-plugin&plugin=cartflows&_wpnonce=3958e43be8"},{"slug":"woo-cart-abandonment-recovery","init":"woo-cart-abandonment-recovery\/woo-cart-abandonment-recovery.php","name":"Cart Abandonment Recovery for WooCommerce","action":"http:\/\/localhost\/hq-store\/wp-admin\/update.php?action=install-plugin&plugin=woo-cart-abandonment-recovery&_wpnonce=0d5c8946ac"},{"slug":"modern-cart","init":"modern-cart\/modern-cart.php","name":"Modern Cart Starter for WooCommerce","action":"http:\/\/localhost\/hq-store\/wp-admin\/update.php?action=install-plugin&plugin=modern-cart&_wpnonce=e94ddb55a6"},{"slug":"sureforms","init":"sureforms\/sureforms.php","name":"SureForms","action":"http:\/\/localhost\/hq-store\/wp-admin\/update.php?action=install-plugin&plugin=sureforms&_wpnonce=65573bfc92"},{"slug":"power-coupons","init":"power-coupons\/power-coupons.php","name":"Power Coupons for WooCommerce","action":"http:\/\/localhost\/hq-store\/wp-admin\/update.php?action=install-plugin&plugin=power-coupons&_wpnonce=127475af0a"}]},"third_party_required_plugins":[],"update_avilable_plugins":[],"incompatible_plugins":[],"error":false}
[03:18:27 UTC] [SUCCESS] {"permissions":{"is_readable":true,"is_writable":true,"is_wp_filesystem":true},"directory":"C:\\xampp\\htdocs\\hq-store\/wp-content\/uploads"} | Context: {"permissions":{"is_readable":true,"is_writable":true,"is_wp_filesystem":true},"directory":"C:\\xampp\\htdocs\\hq-store\/wp-content\/uploads"}
[03:21:56 UTC] [SUCCESS] {"required_plugins":{"active":[],"inactive":[],"notinstalled":[{"slug":"elementor","init":"elementor\/elementor.php","name":"Elementor","action":"http:\/\/localhost\/hq-store\/wp-admin\/update.php?action=install-plugin&plugin=elementor&_wpnonce=8f961a87c9"},{"slug":"variation-swatches-woo","init":"variation-swatches-woo\/variation-swatches-woo.php","name":"Variation Swatches for WooCommerce","action":"http:\/\/localhost\/hq-store\/wp-admin\/update.php?action=install-plugin&plugin=variation-swatches-woo&_wpnonce=63c0b5c0d8"},{"slug":"woocommerce","init":"woocommerce\/woocommerce.php","name":"WooCommerce","action":"http:\/\/localhost\/hq-store\/wp-admin\/update.php?action=install-plugin&plugin=woocommerce&_wpnonce=95f30e620a"},{"slug":"header-footer-elementor","init":"header-footer-elementor\/header-footer-elementor.php","name":"Ultimate Addons for Elementor (UAE)","action":"http:\/\/localhost\/hq-store\/wp-admin\/update.php?action=install-plugin&plugin=header-footer-elementor&_wpnonce=64cf48398d"},{"slug":"woocommerce-payments","init":"woocommerce-payments\/woocommerce-payments.php","name":"WooPayments","action":"http:\/\/localhost\/hq-store\/wp-admin\/update.php?action=install-plugin&plugin=woocommerce-payments&_wpnonce=12126146f8"},{"slug":"cartflows","init":"cartflows\/cartflows.php","name":"CartFlows","action":"http:\/\/localhost\/hq-store\/wp-admin\/update.php?action=install-plugin&plugin=cartflows&_wpnonce=3958e43be8"},{"slug":"woo-cart-abandonment-recovery","init":"woo-cart-abandonment-recovery\/woo-cart-abandonment-recovery.php","name":"Cart Abandonment Recovery for WooCommerce","action":"http:\/\/localhost\/hq-store\/wp-admin\/update.php?action=install-plugin&plugin=woo-cart-abandonment-recovery&_wpnonce=0d5c8946ac"},{"slug":"modern-cart","init":"modern-cart\/modern-cart.php","name":"Modern Cart Starter for WooCommerce","action":"http:\/\/localhost\/hq-store\/wp-admin\/update.php?action=install-plugin&plugin=modern-cart&_wpnonce=e94ddb55a6"},{"slug":"sureforms","init":"sureforms\/sureforms.php","name":"SureForms","action":"http:\/\/localhost\/hq-store\/wp-admin\/update.php?action=install-plugin&plugin=sureforms&_wpnonce=65573bfc92"},{"slug":"power-coupons","init":"power-coupons\/power-coupons.php","name":"Power Coupons for WooCommerce","action":"http:\/\/localhost\/hq-store\/wp-admin\/update.php?action=install-plugin&plugin=power-coupons&_wpnonce=127475af0a"},{"name":"SureRank","slug":"surerank","init":"surerank\/surerank.php","action":"http:\/\/localhost\/hq-store\/wp-admin\/update.php?action=install-plugin&plugin=surerank&_wpnonce=0ad3bd0516"}]},"third_party_required_plugins":[],"update_avilable_plugins":[],"incompatible_plugins":[],"error":false} | Context: {"required_plugins":{"active":[],"inactive":[],"notinstalled":[{"slug":"elementor","init":"elementor\/elementor.php","name":"Elementor","action":"http:\/\/localhost\/hq-store\/wp-admin\/update.php?action=install-plugin&plugin=elementor&_wpnonce=8f961a87c9"},{"slug":"variation-swatches-woo","init":"variation-swatches-woo\/variation-swatches-woo.php","name":"Variation Swatches for WooCommerce","action":"http:\/\/localhost\/hq-store\/wp-admin\/update.php?action=install-plugin&plugin=variation-swatches-woo&_wpnonce=63c0b5c0d8"},{"slug":"woocommerce","init":"woocommerce\/woocommerce.php","name":"WooCommerce","action":"http:\/\/localhost\/hq-store\/wp-admin\/update.php?action=install-plugin&plugin=woocommerce&_wpnonce=95f30e620a"},{"slug":"header-footer-elementor","init":"header-footer-elementor\/header-footer-elementor.php","name":"Ultimate Addons for Elementor (UAE)","action":"http:\/\/localhost\/hq-store\/wp-admin\/update.php?action=install-plugin&plugin=header-footer-elementor&_wpnonce=64cf48398d"},{"slug":"woocommerce-payments","init":"woocommerce-payments\/woocommerce-payments.php","name":"WooPayments","action":"http:\/\/localhost\/hq-store\/wp-admin\/update.php?action=install-plugin&plugin=woocommerce-payments&_wpnonce=12126146f8"},{"slug":"cartflows","init":"cartflows\/cartflows.php","name":"CartFlows","action":"http:\/\/localhost\/hq-store\/wp-admin\/update.php?action=install-plugin&plugin=cartflows&_wpnonce=3958e43be8"},{"slug":"woo-cart-abandonment-recovery","init":"woo-cart-abandonment-recovery\/woo-cart-abandonment-recovery.php","name":"Cart Abandonment Recovery for WooCommerce","action":"http:\/\/localhost\/hq-store\/wp-admin\/update.php?action=install-plugin&plugin=woo-cart-abandonment-recovery&_wpnonce=0d5c8946ac"},{"slug":"modern-cart","init":"modern-cart\/modern-cart.php","name":"Modern Cart Starter for WooCommerce","action":"http:\/\/localhost\/hq-store\/wp-admin\/update.php?action=install-plugin&plugin=modern-cart&_wpnonce=e94ddb55a6"},{"slug":"sureforms","init":"sureforms\/sureforms.php","name":"SureForms","action":"http:\/\/localhost\/hq-store\/wp-admin\/update.php?action=install-plugin&plugin=sureforms&_wpnonce=65573bfc92"},{"slug":"power-coupons","init":"power-coupons\/power-coupons.php","name":"Power Coupons for WooCommerce","action":"http:\/\/localhost\/hq-store\/wp-admin\/update.php?action=install-plugin&plugin=power-coupons&_wpnonce=127475af0a"},{"name":"SureRank","slug":"surerank","init":"surerank\/surerank.php","action":"http:\/\/localhost\/hq-store\/wp-admin\/update.php?action=install-plugin&plugin=surerank&_wpnonce=0ad3bd0516"}]},"third_party_required_plugins":[],"update_avilable_plugins":[],"incompatible_plugins":[],"error":false}
[03:22:22 UTC] [INFO] Starting import process | Context: {"template_type":"classic","uuid":""}
[03:22:22 UTC] [INFO] Started Import Process
[03:22:22 UTC] [INFO] # System Details: 
[03:22:22 UTC] [INFO] Debug Mode 		: Disabled
[03:22:22 UTC] [INFO] Operating System 	: WINNT
[03:22:22 UTC] [INFO] Software 		: Apache/2.4.58 (Win64) OpenSSL/3.1.3 PHP/8.2.12
[03:22:22 UTC] [INFO] MySQL version 		: 10.4.32
[03:22:22 UTC] [INFO] XML Reader 		: Yes
[03:22:22 UTC] [INFO] PHP Version 		: 8.2.12
[03:22:22 UTC] [INFO] PHP Max Input Vars 	: 1000
[03:22:22 UTC] [INFO] PHP Max Post Size 	: 40M
[03:22:22 UTC] [INFO] PHP Extension GD 	: Yes
[03:22:22 UTC] [INFO] PHP Max Execution Time 	: 300
[03:22:22 UTC] [INFO] Max Upload Size 	: 40 MB
[03:22:22 UTC] [INFO] Memory Limit 		: Current memory limit 40M. We recommend setting memory to at least 64M.
[03:22:22 UTC] [INFO] Timezone 		: 0
[03:22:22 UTC] [INFO] 
-----

[03:22:22 UTC] [INFO] Importing Started! - 03:22:22 UTC
[03:22:22 UTC] [INFO] ---

[03:22:22 UTC] [INFO] WHY IMPORT PROCESS CAN FAIL? READ THIS - 
[03:22:22 UTC] [INFO] https://wpastra.com/docs/?p=1314&utm_source=demo-import-panel&utm_campaign=import-error&utm_medium=wp-dashboard

[03:22:22 UTC] [INFO] ---

[03:22:22 UTC] [SUCCESS] Import process start flag set successfully | Context: {"template_type":"classic"}
[03:22:24 UTC] [INFO] Checking if plugin directory clearing is needed
[03:22:26 UTC] [INFO] Image subsizes deferral enabled for import
[03:22:58 UTC] [INFO] Image subsizes deferral enabled for import
[03:22:58 UTC] [SUCCESS] Plugin Activated | Context: {"success":true,"status":"activated","message":"Plugin Activated"}
[03:22:59 UTC] [INFO] Checking if plugin directory clearing is needed
[03:22:59 UTC] [INFO] Plugin install clear directory enabled - Will clear destination directory
[03:22:59 UTC] [INFO] Plugin install clear directory options returned
[03:23:00 UTC] [INFO] Image subsizes deferral enabled for import
[03:23:07 UTC] [INFO] Image subsizes deferral enabled for import
[03:23:07 UTC] [INFO] Image subsizes deferral enabled for import
[03:23:07 UTC] [SUCCESS] Plugin Activated | Context: {"success":true,"status":"activated","message":"Plugin Activated"}
[03:23:08 UTC] [INFO] Checking if plugin directory clearing is needed
[03:23:08 UTC] [INFO] Plugin install clear directory enabled - Will clear destination directory
[03:23:08 UTC] [INFO] Plugin install clear directory options returned
[03:24:00 UTC] [INFO] Image subsizes deferral enabled for import
[03:24:04 UTC] [INFO] Image subsizes deferral enabled for import
[03:24:04 UTC] [INFO] Image subsizes deferral enabled for import
[03:24:05 UTC] [INFO] Checking if plugin directory clearing is needed
[03:24:05 UTC] [INFO] Plugin install clear directory enabled - Will clear destination directory
[03:24:05 UTC] [INFO] Plugin install clear directory options returned
[03:24:06 UTC] [SUCCESS] Plugin Activated | Context: {"success":true,"status":"activated","message":"Plugin Activated"}
[03:24:09 UTC] [INFO] Image subsizes deferral enabled for import
[03:24:17 UTC] [INFO] Image subsizes deferral enabled for import
[03:24:18 UTC] [SUCCESS] Plugin Activated | Context: {"success":true,"status":"activated","message":"Plugin Activated"}
[03:24:19 UTC] [INFO] Checking if plugin directory clearing is needed
[03:24:19 UTC] [INFO] Plugin install clear directory enabled - Will clear destination directory
[03:24:19 UTC] [INFO] Plugin install clear directory options returned
[03:24:36 UTC] [INFO] Image subsizes deferral enabled for import
[03:24:37 UTC] [INFO] Image subsizes deferral enabled for import
[03:24:39 UTC] [INFO] Image subsizes deferral enabled for import
[03:24:39 UTC] [INFO] Image subsizes deferral enabled for import
[03:24:40 UTC] [SUCCESS] Plugin Activated | Context: {"success":true,"status":"activated","message":"Plugin Activated"}
[03:24:41 UTC] [INFO] Checking if plugin directory clearing is needed
[03:24:41 UTC] [INFO] Plugin install clear directory enabled - Will clear destination directory
[03:24:41 UTC] [INFO] Plugin install clear directory options returned
[03:25:27 UTC] [INFO] Image subsizes deferral enabled for import
[03:25:29 UTC] [SUCCESS] Plugin Activated | Context: {"success":true,"status":"activated","message":"Plugin Activated"}
[03:25:30 UTC] [INFO] Checking if plugin directory clearing is needed
[03:25:30 UTC] [INFO] Plugin install clear directory enabled - Will clear destination directory
[03:25:30 UTC] [INFO] Plugin install clear directory options returned
[03:25:32 UTC] [INFO] Image subsizes deferral enabled for import
[03:25:33 UTC] [INFO] Image subsizes deferral enabled for import
[03:25:44 UTC] [INFO] Image subsizes deferral enabled for import
[03:25:45 UTC] [INFO] Image subsizes deferral enabled for import
[03:25:45 UTC] [INFO] Image subsizes deferral enabled for import
[03:25:47 UTC] [SUCCESS] Plugin Activated | Context: {"success":true,"status":"activated","message":"Plugin Activated"}
[03:25:47 UTC] [INFO] Checking if plugin directory clearing is needed
[03:25:47 UTC] [INFO] Plugin install clear directory enabled - Will clear destination directory
[03:25:47 UTC] [INFO] Plugin install clear directory options returned
[03:26:00 UTC] [INFO] Image subsizes deferral enabled for import
[03:26:00 UTC] [INFO] Image subsizes deferral enabled for import
[03:26:01 UTC] [SUCCESS] Plugin Activated | Context: {"success":true,"status":"activated","message":"Plugin Activated"}
[03:26:02 UTC] [INFO] Checking if plugin directory clearing is needed
[03:26:02 UTC] [INFO] Plugin install clear directory enabled - Will clear destination directory
[03:26:02 UTC] [INFO] Plugin install clear directory options returned
[03:26:07 UTC] [INFO] Image subsizes deferral enabled for import
[03:26:21 UTC] [INFO] Image subsizes deferral enabled for import
[03:26:23 UTC] [SUCCESS] Plugin Activated | Context: {"success":true,"status":"activated","message":"Plugin Activated"}
[03:26:23 UTC] [INFO] Checking if plugin directory clearing is needed
[03:26:23 UTC] [INFO] Plugin install clear directory enabled - Will clear destination directory
[03:26:23 UTC] [INFO] Plugin install clear directory options returned
[03:26:37 UTC] [INFO] Image subsizes deferral enabled for import
[03:26:39 UTC] [SUCCESS] Plugin Activated | Context: {"success":true,"status":"activated","message":"Plugin Activated"}
[03:26:40 UTC] [INFO] Checking if plugin directory clearing is needed
[03:26:40 UTC] [INFO] Plugin install clear directory enabled - Will clear destination directory
[03:26:40 UTC] [INFO] Plugin install clear directory options returned
[03:26:57 UTC] [INFO] Image subsizes deferral enabled for import
[03:26:59 UTC] [INFO] Image subsizes deferral enabled for import
[03:27:00 UTC] [SUCCESS] Plugin Activated | Context: {"success":true,"status":"activated","message":"Plugin Activated"}
[03:28:33 UTC] [INFO] Image subsizes deferral enabled for import
[03:28:33 UTC] [INFO] Image subsizes deferral enabled for import
[03:28:34 UTC] [INFO] All required plugins verified successfully.
[03:28:37 UTC] [INFO] Image subsizes deferral enabled for import
[03:28:38 UTC] [INFO] Image subsizes deferral enabled for import
[03:28:42 UTC] [INFO] Image subsizes deferral enabled for import
[03:28:44 UTC] [INFO] Image subsizes deferral enabled for import
[03:28:45 UTC] [INFO] ---

[03:28:45 UTC] [INFO] Starting backup of existing settings
[03:28:45 UTC] [INFO] Backing up existing settings
[03:28:45 UTC] [INFO] Starting backup of site settings.
[03:28:45 UTC] [INFO] Backup Settings - Backup file path: C:\xampp\htdocs\hq-store/wp-content/uploads/st-importer/astra-sites-backup-28-Apr-2026-03-28-45.json | Context: {"file_name":"astra-sites-backup-28-Apr-2026-03-28-45.json","settings_count":2039}
[03:28:45 UTC] [SUCCESS] Backup Settings - Settings backup created successfully at C:\xampp\htdocs\hq-store/wp-content/uploads/st-importer/astra-sites-backup-28-Apr-2026-03-28-45.json | Context: {"file_path":"C:\\xampp\\htdocs\\hq-store\/wp-content\/uploads\/st-importer\/astra-sites-backup-28-Apr-2026-03-28-45.json","settings_count":2039}
[03:28:45 UTC] [SUCCESS] Backup completed successfully | Context: {"backup_file":"C:\\xampp\\htdocs\\hq-store\/wp-content\/uploads\/st-importer\/astra-sites-backup-28-Apr-2026-03-28-45.json"}
[03:28:45 UTC] [SUCCESS] File generated at C:\xampp\htdocs\hq-store/wp-content/uploads/st-importer/astra-sites-backup-28-Apr-2026-03-28-45.json
[03:28:48 UTC] [INFO] Image subsizes deferral enabled for import
[03:28:49 UTC] [INFO] ---

[03:28:49 UTC] [INFO] Starting reset customizer data
[03:28:49 UTC] [INFO] Resetting customizer data | Context: {"settings_count":2039}
[03:28:49 UTC] [INFO] Reset Customizer Data - Starting reset of customizer settings.
[03:28:49 UTC] [INFO] Reset Customizer Data - Retrieved customizer data with 2039 settings entries. | Context: {"settings_count":2039}
[03:28:49 UTC] [SUCCESS] Reset Customizer Data - Customizer settings successfully reset. Deleted 2039 settings entries. | Context: {"settings_count":2039,"option_name":"astra-settings"}
[03:28:49 UTC] [SUCCESS] Deleted Customizer Settings!
[03:28:53 UTC] [INFO] Image subsizes deferral enabled for import
[03:28:53 UTC] [INFO] ---

[03:28:53 UTC] [INFO] Starting reset site options
[03:28:54 UTC] [INFO] Resetting site options | Context: {"options_count":32}
[03:28:54 UTC] [INFO] Reset Site Options - Starting reset of 32 site options. | Context: {"total_options":32}
[03:28:54 UTC] [SUCCESS] Reset Site Options - Site options reset completed. Deleted: 14, Failed or not found: 18 | Context: {"total_options":32,"deleted_count":14,"failed_count":18,"option_keys":["custom_logo","nav_menu_locations","show_on_front","page_on_front","page_for_posts","site_title","astra-color-palettes","astra-typography-presets","srfm_general_settings_options","get_default_dynamic_block_option","srfm_default_dynamic_block_option","srfm_email_summary_settings_options","srfm_security_settings_options","elementor_container_width","elementor_cpt_support","elementor_css_print_method","elementor_default_generic_fonts","elementor_disable_color_schemes","elementor_disable_typography_schemes","elementor_editor_break_lines","elementor_exclude_user_roles","elementor_global_image_lightbox","elementor_page_title_selector","elementor_scheme_color","elementor_scheme_color-picker","elementor_scheme_typography","elementor_space_between_widgets","elementor_stretched_section_container","elementor_load_fa4_shim","elementor_active_kit","elementor_experiment-container","elementor_font_display"]}
[03:28:54 UTC] [SUCCESS] Deleted Site Options!
[03:28:57 UTC] [INFO] Image subsizes deferral enabled for import
[03:28:58 UTC] [INFO] ---

[03:28:58 UTC] [INFO] Starting reset widgets data
[03:28:58 UTC] [INFO] Resetting widgets data | Context: {"widgets_count":13}
[03:28:58 UTC] [INFO] Reset Widgets Data - Starting reset of widgets data.
[03:28:58 UTC] [INFO] Reset Widgets Data - Retrieved 14 widgets from 13 sidebars. | Context: {"total_widgets":14,"total_sidebars":13}
[03:28:58 UTC] [SUCCESS] Reset Widgets Data - Widgets reset completed. Moved 14 widgets to inactive, removed 14 from sidebars. | Context: {"total_widgets":14,"moved_to_inactive":14,"removed_from_sidebars":14}
[03:28:58 UTC] [SUCCESS] Deleted Widgets!
[03:29:01 UTC] [INFO] Image subsizes deferral enabled for import
[03:29:02 UTC] [INFO] ---

[03:29:02 UTC] [INFO] Starting reset terms and forms
[03:29:02 UTC] [INFO] Reset Terms and Forms - Starting reset of terms and forms.
[03:29:02 UTC] [INFO] Reset Terms and Forms - Retrieved 4 terms for deletion. | Context: {"total_terms":4}
[03:29:02 UTC] [SUCCESS] Reset Terms and Forms - Term deletion completed. Deleted 4 of 4 terms. | Context: {"total_terms":4,"deleted_count":4,"failed_count":0,"term_taxonomies":{"category":2,"nav_menu":2}}
[03:29:02 UTC] [WARNING] Reset Terms and Forms - No forms found for deletion.
[03:29:06 UTC] [INFO] Image subsizes deferral enabled for import
[03:29:07 UTC] [INFO] Getting deleted post IDs
[03:29:07 UTC] [SUCCESS] ["20","21","22","23","24","25","26","27","28","29","30","31","32","33","34","35","36","37","38","39","40","41","42","43","44","45","64","65","66","67","68","69","70","71","72","73","74","75","76","77","78","79","80","272","273","274","275","276","277","278","279","280","281","282","283","81","82","83","84","85","86","87","88","89","90","397","398","399","400","401","402","403"] | Context: ["20","21","22","23","24","25","26","27","28","29","30","31","32","33","34","35","36","37","38","39","40","41","42","43","44","45","64","65","66","67","68","69","70","71","72","73","74","75","76","77","78","79","80","272","273","274","275","276","277","278","279","280","281","282","283","81","82","83","84","85","86","87","88","89","90","397","398","399","400","401","402","403"]
[03:29:10 UTC] [INFO] Image subsizes deferral enabled for import
[03:29:11 UTC] [INFO] Image subsizes deferral enabled for import
[03:29:12 UTC] [INFO] ---

[03:29:12 UTC] [INFO] Starting reset posts operation
[03:29:12 UTC] [INFO] Reset Posts - Starting post deletion process.
[03:29:12 UTC] [INFO] Reset Posts - Retrieved 10 posts for deletion. | Context: {"total_posts":10}
[03:29:13 UTC] [SUCCESS] Reset Posts - Post deletion completed. Deleted 10 of 10 posts. | Context: {"total_posts":10,"deleted_count":10,"post_types":{"attachment":10}}
[03:29:16 UTC] [INFO] Image subsizes deferral enabled for import
[03:29:17 UTC] [INFO] ---

[03:29:17 UTC] [INFO] Starting reset posts operation
[03:29:17 UTC] [INFO] Reset Posts - Starting post deletion process.
[03:29:17 UTC] [INFO] Reset Posts - Retrieved 10 posts for deletion. | Context: {"total_posts":10}
[03:29:18 UTC] [SUCCESS] Reset Posts - Post deletion completed. Deleted 10 of 10 posts. | Context: {"total_posts":10,"deleted_count":10,"post_types":{"attachment":10}}
[03:29:21 UTC] [INFO] Image subsizes deferral enabled for import
[03:29:22 UTC] [INFO] ---

[03:29:22 UTC] [INFO] Starting reset posts operation
[03:29:22 UTC] [INFO] Reset Posts - Starting post deletion process.
[03:29:22 UTC] [INFO] Reset Posts - Retrieved 10 posts for deletion. | Context: {"total_posts":10}
[03:29:22 UTC] [SUCCESS] Reset Posts - Post deletion completed. Deleted 10 of 10 posts. | Context: {"total_posts":10,"deleted_count":10,"post_types":{"attachment":10}}
[03:29:26 UTC] [INFO] Image subsizes deferral enabled for import
[03:29:26 UTC] [INFO] ---

[03:29:26 UTC] [INFO] Starting reset posts operation
[03:29:26 UTC] [INFO] Reset Posts - Starting post deletion process.
[03:29:26 UTC] [INFO] Reset Posts - Retrieved 10 posts for deletion. | Context: {"total_posts":10}
[03:29:27 UTC] [SUCCESS] Reset Posts - Post deletion completed. Deleted 10 of 10 posts. | Context: {"total_posts":10,"deleted_count":10,"post_types":{"attachment":10}}
[03:29:30 UTC] [INFO] Image subsizes deferral enabled for import
[03:29:31 UTC] [INFO] ---

[03:29:31 UTC] [INFO] Starting reset posts operation
[03:29:31 UTC] [INFO] Reset Posts - Starting post deletion process.
[03:29:31 UTC] [INFO] Reset Posts - Retrieved 10 posts for deletion. | Context: {"total_posts":10}
[03:29:32 UTC] [SUCCESS] Reset Posts - Post deletion completed. Deleted 9 of 10 posts. | Context: {"total_posts":10,"deleted_count":9,"post_types":{"attachment":6,"elementor_library":1,"nav_menu_item":2,"0":1}}
[03:29:35 UTC] [INFO] Image subsizes deferral enabled for import
[03:29:36 UTC] [INFO] ---

[03:29:36 UTC] [INFO] Starting reset posts operation
[03:29:36 UTC] [INFO] Reset Posts - Starting post deletion process.
[03:29:36 UTC] [INFO] Reset Posts - Retrieved 10 posts for deletion. | Context: {"total_posts":10}
[03:29:37 UTC] [SUCCESS] Reset Posts - Post deletion completed. Deleted 10 of 10 posts. | Context: {"total_posts":10,"deleted_count":10,"post_types":{"nav_menu_item":5,"attachment":5}}
[03:29:40 UTC] [INFO] Image subsizes deferral enabled for import
[03:29:41 UTC] [INFO] ---

[03:29:41 UTC] [INFO] Starting reset posts operation
[03:29:41 UTC] [INFO] Reset Posts - Starting post deletion process.
[03:29:41 UTC] [INFO] Reset Posts - Retrieved 10 posts for deletion. | Context: {"total_posts":10}
[03:29:42 UTC] [SUCCESS] Reset Posts - Post deletion completed. Deleted 10 of 10 posts. | Context: {"total_posts":10,"deleted_count":10,"post_types":{"attachment":6,"wp_navigation":1,"page":2,"wp_global_styles":1}}
[03:29:45 UTC] [INFO] Image subsizes deferral enabled for import
[03:29:46 UTC] [INFO] ---

[03:29:46 UTC] [INFO] Starting reset posts operation
[03:29:46 UTC] [INFO] Reset Posts - Starting post deletion process.
[03:29:46 UTC] [INFO] Reset Posts - Retrieved 2 posts for deletion. | Context: {"total_posts":2}
[03:29:46 UTC] [SUCCESS] Reset Posts - Post deletion completed. Deleted 2 of 2 posts. | Context: {"total_posts":2,"deleted_count":2,"post_types":{"page":2}}
[03:29:49 UTC] [INFO] Image subsizes deferral enabled for import
[03:29:50 UTC] [INFO] ---

[03:29:50 UTC] [INFO] Starting CartFlows import process
[03:29:50 UTC] [INFO] info | Context: {"file_url":"https:\/\/websitedemos.net\/wp-content\/uploads\/astra-sites\/1447\/cartflows.json","timeout_seconds":300}
[03:29:51 UTC] [INFO] success | Context: {"file_url":"https:\/\/websitedemos.net\/wp-content\/uploads\/astra-sites\/1447\/cartflows.json","file_size":14023,"uploaded_file":"C:\\xampp\\htdocs\\hq-store\/wp-content\/uploads\/2026\/04\/cartflows.json"}
[03:29:51 UTC] [SUCCESS] File downloaded successfully from: https://websitedemos.net/wp-content/uploads/astra-sites/1447/cartflows.json
[03:29:51 UTC] [INFO] Checking if CartFlows is already loaded
[03:29:51 UTC] [INFO] CartFlows is already loaded and ready
[03:29:51 UTC] [INFO] Flow ID 447
[03:29:52 UTC] [INFO] Flow ID 448
[03:29:52 UTC] [INFO] Flow ID 449
[03:29:52 UTC] [SUCCESS] CartFlows data imported successfully
[03:29:52 UTC] [SUCCESS] Imported from https://websitedemos.net/wp-content/uploads/astra-sites/1447/cartflows.json
[03:29:55 UTC] [INFO] Image subsizes deferral enabled for import
[03:29:56 UTC] [INFO] ---

[03:29:56 UTC] [INFO] Starting Cart Abandonment Recovery import process
[03:29:56 UTC] [INFO] info | Context: {"file_url":"https:\/\/websitedemos.net\/wp-content\/uploads\/astra-sites\/1447\/cart-abandonment-recovery.json","timeout_seconds":300}
[03:29:57 UTC] [INFO] success | Context: {"file_url":"https:\/\/websitedemos.net\/wp-content\/uploads\/astra-sites\/1447\/cart-abandonment-recovery.json","file_size":3053,"uploaded_file":"C:\\xampp\\htdocs\\hq-store\/wp-content\/uploads\/2026\/04\/cart-abandonment-recovery.json"}
[03:29:57 UTC] [SUCCESS] File downloaded successfully from: https://websitedemos.net/wp-content/uploads/astra-sites/1447/cart-abandonment-recovery.json
[03:29:57 UTC] [INFO] Checking if Cart Abandonment Recovery is already loaded
[03:29:57 UTC] [INFO] Cart Abandonment Recovery is already loaded and ready
[03:29:57 UTC] [SUCCESS] Cart Abandonment Recovery templates inserted successfully
[03:29:57 UTC] [SUCCESS] Imported Cart Abandonment Recovery data from https://websitedemos.net/wp-content/uploads/astra-sites/1447/cart-abandonment-recovery.json
[03:30:01 UTC] [INFO] Image subsizes deferral enabled for import
[03:30:01 UTC] [INFO] ---

[03:30:01 UTC] [INFO] Starting import customizer settings
[03:30:01 UTC] [INFO] Importing customizer settings | Context: {"settings_count":0}
[03:30:01 UTC] [INFO] Fetched customizer data from site data | Context: {"settings_count":2}
[03:30:01 UTC] [INFO] Starting customizer settings import | Context: {"settings_count":2}
[03:30:02 UTC] [INFO] Validating customizer data keys | Context: {"keys":["astra-settings","custom-css"]}
[03:30:02 UTC] [INFO] Old customizer data backed up
[03:30:02 UTC] [SUCCESS] Astra theme settings updated | Context: {"option_key":"astra-settings"}
[03:30:02 UTC] [SUCCESS] Custom CSS updated | Context: {"option_key":"custom-css"}
[03:30:02 UTC] [SUCCESS] Customizer settings import completed successfully
[03:30:02 UTC] [SUCCESS] Customizer settings imported successfully
[03:30:05 UTC] [INFO] Image subsizes deferral enabled for import
[03:30:06 UTC] [INFO] ---

[03:30:06 UTC] [INFO] Starting XML preparation process
[03:30:06 UTC] [INFO] Starting XML data preparation | Context: {"wxr_url":"https:\/\/websitedemos.net\/wp-content\/uploads\/astra-sites\/1447\/wxr.xml"}
[03:30:06 UTC] [INFO] info | Context: {"url":"https:\/\/websitedemos.net\/wp-content\/uploads\/astra-sites\/1447\/wxr.xml","host":"websitedemos.net"}
[03:30:06 UTC] [INFO] WXR URL validation passed
[03:30:06 UTC] [INFO] Starting XML file download | Context: {"url":"https:\/\/websitedemos.net\/wp-content\/uploads\/astra-sites\/1447\/wxr.xml"}
[03:30:06 UTC] [INFO] info | Context: {"file_url":"https:\/\/websitedemos.net\/wp-content\/uploads\/astra-sites\/1447\/wxr.xml","timeout_seconds":300}
[03:30:07 UTC] [INFO] success | Context: {"file_url":"https:\/\/websitedemos.net\/wp-content\/uploads\/astra-sites\/1447\/wxr.xml","file_size":486499,"uploaded_file":"C:\\xampp\\htdocs\\hq-store\/wp-content\/uploads\/2026\/04\/wxr.xml"}
[03:30:07 UTC] [SUCCESS] XML file downloaded successfully | Context: {"file_path":"C:\\xampp\\htdocs\\hq-store\/wp-content\/uploads\/2026\/04\/wxr.xml"}
[03:30:07 UTC] [INFO] Inserting XML file as attachment | Context: {"filename":"wxr.xml"}
[03:30:07 UTC] [SUCCESS] XML attachment created | Context: {"post_id":450}
[03:30:07 UTC] [INFO] Generating attachment metadata | Context: {"post_id":450}
[03:30:07 UTC] [INFO] Parsing XML data from file | Context: {"post_id":450}
[03:30:07 UTC] [INFO] info | Context: {"xml_file_path":"C:\\xampp\\htdocs\\hq-store\/wp-content\/uploads\/2026\/04\/wxr.xml","xml_post_id":450}
[03:30:07 UTC] [INFO] success | Context: {"xml_file_path":"C:\\xampp\\htdocs\\hq-store\/wp-content\/uploads\/2026\/04\/wxr.xml","post_count":53,"media_count":41,"author_count":4,"comment_count":0,"term_count":35}
[03:30:07 UTC] [SUCCESS] XML data preparation completed successfully | Context: {"post_id":450,"has_data":true}
[03:30:11 UTC] [INFO] Image subsizes deferral enabled for import
[03:30:12 UTC] [INFO] Image subsizes deferral enabled for import
[03:30:13 UTC] [INFO] info | Context: {"xml_url_provided":false}
[03:30:13 UTC] [INFO] info | Context: {"xml_url":"C:\\xampp\\htdocs\\hq-store\/wp-content\/uploads\/2026\/04\/wxr.xml","file_size":486499}
[03:30:56 UTC] [INFO] success | Context: {"post_id":497,"post_type":"elementor_library","original_id":4,"post_title":"Default Kit"}
[03:30:56 UTC] [INFO] success | Context: {"post_id":498,"post_type":"page","original_id":6,"post_title":"Shop"}
[03:30:56 UTC] [INFO] success | Context: {"post_id":20,"post_type":"nav_menu_item","original_id":20,"post_title":""}
[03:30:56 UTC] [INFO] success | Context: {"post_id":21,"post_type":"nav_menu_item","original_id":21,"post_title":""}
[03:30:56 UTC] [INFO] success | Context: {"post_id":22,"post_type":"nav_menu_item","original_id":22,"post_title":""}
[03:30:56 UTC] [INFO] success | Context: {"post_id":23,"post_type":"nav_menu_item","original_id":23,"post_title":""}
[03:30:56 UTC] [INFO] success | Context: {"post_id":219,"post_type":"nav_menu_item","original_id":219,"post_title":"Casual"}
[03:30:56 UTC] [INFO] success | Context: {"post_id":220,"post_type":"nav_menu_item","original_id":220,"post_title":"Work & Office"}
[03:30:56 UTC] [INFO] success | Context: {"post_id":221,"post_type":"nav_menu_item","original_id":221,"post_title":"Activewear"}
[03:30:56 UTC] [INFO] success | Context: {"post_id":222,"post_type":"nav_menu_item","original_id":222,"post_title":"Evening Dresses"}
[03:30:56 UTC] [INFO] success | Context: {"post_id":224,"post_type":"nav_menu_item","original_id":224,"post_title":"Contact Support"}
[03:30:56 UTC] [INFO] success | Context: {"post_id":225,"post_type":"nav_menu_item","original_id":225,"post_title":"FAQ"}
[03:30:57 UTC] [INFO] success | Context: {"post_id":226,"post_type":"nav_menu_item","original_id":226,"post_title":"Live Chat"}
[03:30:57 UTC] [INFO] success | Context: {"post_id":227,"post_type":"nav_menu_item","original_id":227,"post_title":"Returns"}
[03:30:57 UTC] [INFO] success | Context: {"post_id":228,"post_type":"nav_menu_item","original_id":228,"post_title":"Facebook"}
[03:30:57 UTC] [INFO] success | Context: {"post_id":229,"post_type":"nav_menu_item","original_id":229,"post_title":"Twitter"}
[03:30:57 UTC] [INFO] success | Context: {"post_id":230,"post_type":"nav_menu_item","original_id":230,"post_title":"Instagram"}
[03:30:57 UTC] [INFO] success | Context: {"post_id":231,"post_type":"nav_menu_item","original_id":231,"post_title":"Pinterest"}
[03:30:58 UTC] [INFO] success | Context: {"post_id":543,"post_type":"post","original_id":1,"post_title":"Hello world!"}
[03:30:58 UTC] [INFO] success | Context: {"post_id":544,"post_type":"page","original_id":7,"post_title":"Cart"}
[03:30:58 UTC] [INFO] success | Context: {"post_id":545,"post_type":"page","original_id":8,"post_title":"Checkout"}
[03:30:58 UTC] [INFO] success | Context: {"post_id":546,"post_type":"page","original_id":9,"post_title":"My account"}
[03:30:58 UTC] [INFO] success | Context: {"post_id":547,"post_type":"page","original_id":12,"post_title":"Home"}
[03:30:59 UTC] [INFO] success | Context: {"post_id":548,"post_type":"page","original_id":15,"post_title":"About Us"}
[03:30:59 UTC] [INFO] success | Context: {"post_id":549,"post_type":"page","original_id":17,"post_title":"Contact Us"}
[03:30:59 UTC] [INFO] success | Context: {"post_id":159,"post_type":"product","original_id":159,"post_title":"Power Suit Ensemble"}
[03:30:59 UTC] [INFO] success | Context: {"post_id":174,"post_type":"product_variation","original_id":174,"post_title":"Power Suit Ensemble - Black"}
[03:30:59 UTC] [INFO] success | Context: {"post_id":177,"post_type":"product","original_id":177,"post_title":"Relaxed Fit Joggers"}
[03:30:59 UTC] [INFO] success | Context: {"post_id":184,"post_type":"product","original_id":184,"post_title":"Professional Pinstripe Blazer"}
[03:30:59 UTC] [INFO] success | Context: {"post_id":187,"post_type":"product","original_id":187,"post_title":"Midnight Gala Maxi Dress"}
[03:31:00 UTC] [INFO] success | Context: {"post_id":188,"post_type":"product_variation","original_id":188,"post_title":"Midnight Gala Maxi Dress - White"}
[03:31:00 UTC] [INFO] success | Context: {"post_id":189,"post_type":"product","original_id":189,"post_title":"Bohemian Rhapsody Attire"}
[03:31:00 UTC] [INFO] success | Context: {"post_id":190,"post_type":"product_variation","original_id":190,"post_title":"Bohemian Rhapsody Attire - Black"}
[03:31:00 UTC] [INFO] success | Context: {"post_id":191,"post_type":"product","original_id":191,"post_title":"Timeless Classic Collection"}
[03:31:00 UTC] [INFO] success | Context: {"post_id":192,"post_type":"product_variation","original_id":192,"post_title":"Timeless Classic Collection - White"}
[03:31:00 UTC] [INFO] success | Context: {"post_id":195,"post_type":"product","original_id":195,"post_title":"Weekend Wanderlust Wardrobe"}
[03:31:01 UTC] [INFO] success | Context: {"post_id":197,"post_type":"product","original_id":197,"post_title":"Urban Chic Ensemble"}
[03:31:01 UTC] [INFO] success | Context: {"post_id":481,"post_type":"product_variation","original_id":481,"post_title":"Power Suit Ensemble - Green"}
[03:31:01 UTC] [INFO] success | Context: {"post_id":550,"post_type":"wp_global_styles","original_id":13,"post_title":"Custom Styles"}
[03:31:01 UTC] [INFO] success | Context: {"post_id":485,"post_type":"product_variation","original_id":485,"post_title":"Power Suit Ensemble - Red"}
[03:31:01 UTC] [INFO] success | Context: {"post_id":551,"post_type":"product_variation","original_id":497,"post_title":"Midnight Gala Maxi Dress - Black"}
[03:31:01 UTC] [INFO] success | Context: {"post_id":500,"post_type":"product_variation","original_id":500,"post_title":"Bohemian Rhapsody Attire - Green"}
[03:31:01 UTC] [INFO] success | Context: {"post_id":502,"post_type":"product_variation","original_id":502,"post_title":"Timeless Classic Collection - Black"}
[03:31:01 UTC] [INFO] success | Context: {"post_id":1030,"post_type":"sureforms_form","original_id":1030,"post_title":"Simple Contact Form"}
[03:31:01 UTC] [INFO] success | Context: {"post_id":1037,"post_type":"shop_coupon","original_id":1037,"post_title":"CART10"}
[03:31:01 UTC] [INFO] success | Context: {"post_id":1038,"post_type":"shop_coupon","original_id":1038,"post_title":"WELCOME10"}
[03:31:02 UTC] [INFO] success | Context: {"xml_url":"C:\\xampp\\htdocs\\hq-store\/wp-content\/uploads\/2026\/04\/wxr.xml"}
[03:31:06 UTC] [INFO] Image subsizes deferral enabled for import
[03:31:06 UTC] [INFO] Image subsizes deferral enabled for import
[03:31:06 UTC] [INFO] Image subsizes deferral enabled for import
[03:31:07 UTC] [INFO] ---

[03:31:07 UTC] [INFO] Starting import options
[03:31:07 UTC] [INFO] Importing site options | Context: {"options":[]}
[03:31:07 UTC] [INFO] Starting site options import | Context: {"options_count":79}
[03:31:07 UTC] [INFO] Old site options backed up
[03:31:07 UTC] [INFO] Processing option | Context: {"option_name":"woocommerce_product_attributes"}
[03:31:07 UTC] [INFO] Updating standard option | Context: {"option_name":"woocommerce_product_attributes"}
[03:31:07 UTC] [INFO] Processing option | Context: {"option_name":"woocommerce_product_cat_list"}
[03:31:07 UTC] [INFO] Updating standard option | Context: {"option_name":"woocommerce_product_cat_list"}
[03:31:07 UTC] [INFO] Processing option | Context: {"option_name":"woocommerce_product_cat"}
[03:31:07 UTC] [INFO] Updating standard option | Context: {"option_name":"woocommerce_product_cat"}
[03:31:07 UTC] [INFO] Processing option | Context: {"option_name":"custom_logo"}
[03:31:07 UTC] [INFO] Importing custom logo | Context: {"logo_id":"https:\/\/websitedemos.net\/clothing-store-02\/wp-content\/uploads\/sites\/1447\/2024\/03\/logo-01.svg"}
[03:31:07 UTC] [INFO] info | Context: {"url":"https:\/\/websitedemos.net\/clothing-store-02\/wp-content\/uploads\/sites\/1447\/2024\/03\/logo-01.svg"}
[03:31:07 UTC] [INFO] info | Context: {"url":"https:\/\/websitedemos.net\/clothing-store-02\/wp-content\/uploads\/sites\/1447\/2024\/03\/logo-01.svg","sha1":"173aebd95ccfd175f47c3a343014250f0cf0238d"}
[03:31:07 UTC] [INFO] info | Context: {"url":"https:\/\/websitedemos.net\/clothing-store-02\/wp-content\/uploads\/sites\/1447\/2024\/03\/logo-01.svg","sha1":"173aebd95ccfd175f47c3a343014250f0cf0238d"}
[03:31:07 UTC] [INFO] success | Context: {"url":"https:\/\/websitedemos.net\/clothing-store-02\/wp-content\/uploads\/sites\/1447\/2024\/03\/logo-01.svg","attachment_id":"62","attachment_url":"http:\/\/localhost\/hq-store\/wp-content\/uploads\/2024\/03\/logo-01.svg"}
[03:31:07 UTC] [INFO] success | Context: {"url":"https:\/\/websitedemos.net\/clothing-store-02\/wp-content\/uploads\/sites\/1447\/2024\/03\/logo-01.svg","attachment_id":"62"}
[03:31:07 UTC] [INFO] success | Context: {"url":"https:\/\/websitedemos.net\/clothing-store-02\/wp-content\/uploads\/sites\/1447\/2024\/03\/logo-01.svg","attachment_id":"62","logo_url":"http:\/\/localhost\/hq-store\/wp-content\/uploads\/2024\/03\/logo-01.svg"}
[03:31:07 UTC] [INFO] Processing option | Context: {"option_name":"nav_menu_locations"}
[03:31:07 UTC] [INFO] Setting navigation menu locations | Context: {"menu_count":3}
[03:31:07 UTC] [INFO] info | Context: {"total_locations":3}
[03:31:07 UTC] [INFO] info | Context: {"location":"primary","slug":"menu","menu_id":43}
[03:31:07 UTC] [INFO] info | Context: {"location":"mobile_menu","slug":"menu","menu_id":43}
[03:31:07 UTC] [INFO] info | Context: {"location":"footer_menu","slug":"social-media","menu_id":45}
[03:31:07 UTC] [INFO] success | Context: {"successful_mappings":3,"failed_locations":[],"total_locations":3}
[03:31:07 UTC] [INFO] Processing option | Context: {"option_name":"show_on_front"}
[03:31:07 UTC] [INFO] Updating standard option | Context: {"option_name":"show_on_front"}
[03:31:07 UTC] [INFO] Processing option | Context: {"option_name":"page_on_front"}
[03:31:07 UTC] [INFO] Updating page ID option | Context: {"option_name":"page_on_front","option_value":"Home"}
[03:31:07 UTC] [INFO] info | Context: {"option_name":"page_on_front","option_value":"Home"}
[03:31:07 UTC] [INFO] success | Context: {"option_name":"page_on_front","page_title":"Home","page_id":547}
[03:31:07 UTC] [INFO] Processing option | Context: {"option_name":"page_for_posts"}
[03:31:07 UTC] [INFO] Updating page ID option | Context: {"option_name":"page_for_posts","option_value":"CART10"}
[03:31:07 UTC] [INFO] info | Context: {"option_name":"page_for_posts","option_value":"CART10"}
[03:31:07 UTC] [INFO] error | Context: {"option_name":"page_for_posts","page_title":"CART10"}
[03:31:07 UTC] [INFO] Option value is null, skipping | Context: {"option_name":"_fl_builder_enabled_icons"}
[03:31:07 UTC] [INFO] Option value is null, skipping | Context: {"option_name":"_fl_builder_enabled_modules"}
[03:31:07 UTC] [INFO] Option value is null, skipping | Context: {"option_name":"_fl_builder_post_types"}
[03:31:07 UTC] [INFO] Option value is null, skipping | Context: {"option_name":"_fl_builder_color_presets"}
[03:31:07 UTC] [INFO] Option value is null, skipping | Context: {"option_name":"_fl_builder_services"}
[03:31:07 UTC] [INFO] Option value is null, skipping | Context: {"option_name":"_fl_builder_settings"}
[03:31:07 UTC] [INFO] Option value is null, skipping | Context: {"option_name":"_fl_builder_user_access"}
[03:31:07 UTC] [INFO] Option value is null, skipping | Context: {"option_name":"_fl_builder_enabled_templates"}
[03:31:07 UTC] [INFO] Option value is null, skipping | Context: {"option_name":"elementor_container_width"}
[03:31:07 UTC] [INFO] Processing option | Context: {"option_name":"elementor_cpt_support"}
[03:31:07 UTC] [INFO] Updating standard option | Context: {"option_name":"elementor_cpt_support"}
[03:31:07 UTC] [INFO] Processing option | Context: {"option_name":"elementor_css_print_method"}
[03:31:07 UTC] [INFO] Updating standard option | Context: {"option_name":"elementor_css_print_method"}
[03:31:08 UTC] [INFO] Option value is null, skipping | Context: {"option_name":"elementor_default_generic_fonts"}
[03:31:08 UTC] [INFO] Processing option | Context: {"option_name":"elementor_disable_color_schemes"}
[03:31:08 UTC] [INFO] Updating standard option | Context: {"option_name":"elementor_disable_color_schemes"}
[03:31:08 UTC] [INFO] Processing option | Context: {"option_name":"elementor_disable_typography_schemes"}
[03:31:08 UTC] [INFO] Updating standard option | Context: {"option_name":"elementor_disable_typography_schemes"}
[03:31:08 UTC] [INFO] Processing option | Context: {"option_name":"elementor_editor_break_lines"}
[03:31:08 UTC] [INFO] Updating standard option | Context: {"option_name":"elementor_editor_break_lines"}
[03:31:08 UTC] [INFO] Option value is null, skipping | Context: {"option_name":"elementor_exclude_user_roles"}
[03:31:08 UTC] [INFO] Option value is null, skipping | Context: {"option_name":"elementor_global_image_lightbox"}
[03:31:08 UTC] [INFO] Option value is null, skipping | Context: {"option_name":"elementor_page_title_selector"}
[03:31:08 UTC] [INFO] Option value is null, skipping | Context: {"option_name":"elementor_scheme_color"}
[03:31:08 UTC] [INFO] Option value is null, skipping | Context: {"option_name":"elementor_scheme_color-picker]"}
[03:31:08 UTC] [INFO] Option value is null, skipping | Context: {"option_name":"elementor_scheme_typography"}
[03:31:08 UTC] [INFO] Option value is null, skipping | Context: {"option_name":"elementor_space_between_widgets"}
[03:31:08 UTC] [INFO] Option value is null, skipping | Context: {"option_name":"elementor_stretched_section_container"}
[03:31:08 UTC] [INFO] Processing option | Context: {"option_name":"elementor_load_fa4_shim"}
[03:31:08 UTC] [INFO] Updating standard option | Context: {"option_name":"elementor_load_fa4_shim"}
[03:31:08 UTC] [INFO] Processing option | Context: {"option_name":"elementor_active_kit"}
[03:31:08 UTC] [INFO] Setting up Elementor kit
[03:31:08 UTC] [INFO] Starting Elementor kit setup
[03:31:08 UTC] [INFO] Querying for Elementor kit posts | Context: {"post_type":"elementor_library"}
[03:31:08 UTC] [SUCCESS] Elementor active kit set successfully | Context: {"kit_id":497}
[03:31:08 UTC] [INFO] Processing option | Context: {"option_name":"elementor_experiment-container"}
[03:31:08 UTC] [INFO] Updating standard option | Context: {"option_name":"elementor_experiment-container"}
[03:31:08 UTC] [INFO] Processing option | Context: {"option_name":"elementor_install_history"}
[03:31:08 UTC] [INFO] Updating standard option | Context: {"option_name":"elementor_install_history"}
[03:31:08 UTC] [INFO] Processing option | Context: {"option_name":"woocommerce_shop_page_title"}
[03:31:08 UTC] [INFO] Updating standard option | Context: {"option_name":"woocommerce_shop_page_title"}
[03:31:08 UTC] [INFO] Processing option | Context: {"option_name":"woocommerce_cart_page_title"}
[03:31:08 UTC] [INFO] Updating standard option | Context: {"option_name":"woocommerce_cart_page_title"}
[03:31:08 UTC] [INFO] Processing option | Context: {"option_name":"woocommerce_checkout_page_title"}
[03:31:08 UTC] [INFO] Updating standard option | Context: {"option_name":"woocommerce_checkout_page_title"}
[03:31:08 UTC] [INFO] Processing option | Context: {"option_name":"woocommerce_myaccount_page_title"}
[03:31:08 UTC] [INFO] Updating standard option | Context: {"option_name":"woocommerce_myaccount_page_title"}
[03:31:08 UTC] [INFO] Processing option | Context: {"option_name":"woocommerce_edit_address_page_title"}
[03:31:08 UTC] [INFO] Updating standard option | Context: {"option_name":"woocommerce_edit_address_page_title"}
[03:31:08 UTC] [INFO] Processing option | Context: {"option_name":"woocommerce_view_order_page_title"}
[03:31:08 UTC] [INFO] Updating standard option | Context: {"option_name":"woocommerce_view_order_page_title"}
[03:31:08 UTC] [INFO] Processing option | Context: {"option_name":"woocommerce_change_password_page_title"}
[03:31:08 UTC] [INFO] Updating standard option | Context: {"option_name":"woocommerce_change_password_page_title"}
[03:31:08 UTC] [INFO] Processing option | Context: {"option_name":"woocommerce_logout_page_title"}
[03:31:08 UTC] [INFO] Updating standard option | Context: {"option_name":"woocommerce_logout_page_title"}
[03:31:08 UTC] [INFO] Processing option | Context: {"option_name":"woocommerce_enable_guest_checkout"}
[03:31:08 UTC] [INFO] Updating standard option | Context: {"option_name":"woocommerce_enable_guest_checkout"}
[03:31:08 UTC] [INFO] Processing option | Context: {"option_name":"woocommerce_enable_checkout_login_reminder"}
[03:31:08 UTC] [INFO] Updating standard option | Context: {"option_name":"woocommerce_enable_checkout_login_reminder"}
[03:31:08 UTC] [INFO] Processing option | Context: {"option_name":"woocommerce_enable_signup_and_login_from_checkout"}
[03:31:08 UTC] [INFO] Updating standard option | Context: {"option_name":"woocommerce_enable_signup_and_login_from_checkout"}
[03:31:08 UTC] [INFO] Processing option | Context: {"option_name":"woocommerce_enable_myaccount_registration"}
[03:31:08 UTC] [INFO] Updating standard option | Context: {"option_name":"woocommerce_enable_myaccount_registration"}
[03:31:08 UTC] [INFO] Processing option | Context: {"option_name":"woocommerce_registration_generate_username"}
[03:31:08 UTC] [INFO] Updating standard option | Context: {"option_name":"woocommerce_registration_generate_username"}
[03:31:08 UTC] [INFO] Option value is null, skipping | Context: {"option_name":"edd_settings"}
[03:31:08 UTC] [INFO] Processing option | Context: {"option_name":"wpforms_settings"}
[03:31:08 UTC] [INFO] Updating standard option | Context: {"option_name":"wpforms_settings"}
[03:31:08 UTC] [INFO] Option value is null, skipping | Context: {"option_name":"learndash_settings_theme_ld30"}
[03:31:08 UTC] [INFO] Option value is null, skipping | Context: {"option_name":"learndash_settings_courses_themes"}
[03:31:08 UTC] [INFO] Option value is null, skipping | Context: {"option_name":"srfm_general_settings_options"}
[03:31:09 UTC] [INFO] Option value is null, skipping | Context: {"option_name":"get_default_dynamic_block_option"}
[03:31:09 UTC] [INFO] Option value is null, skipping | Context: {"option_name":"srfm_default_dynamic_block_option"}
[03:31:09 UTC] [INFO] Option value is null, skipping | Context: {"option_name":"srfm_email_summary_settings_options"}
[03:31:09 UTC] [INFO] Option value is null, skipping | Context: {"option_name":"srfm_security_settings_options"}
[03:31:09 UTC] [INFO] Processing option | Context: {"option_name":"cfvsw_global"}
[03:31:09 UTC] [INFO] Updating standard option | Context: {"option_name":"cfvsw_global"}
[03:31:09 UTC] [INFO] Processing option | Context: {"option_name":"cfvsw_shop"}
[03:31:09 UTC] [INFO] Updating standard option | Context: {"option_name":"cfvsw_shop"}
[03:31:09 UTC] [INFO] Processing option | Context: {"option_name":"cfvsw_style"}
[03:31:09 UTC] [INFO] Updating standard option | Context: {"option_name":"cfvsw_style"}
[03:31:09 UTC] [INFO] Processing option | Context: {"option_name":"cfvsw_product_attribute_height-1"}
[03:31:09 UTC] [INFO] Updating standard option | Context: {"option_name":"cfvsw_product_attribute_height-1"}
[03:31:09 UTC] [INFO] Processing option | Context: {"option_name":"cfvsw_product_attribute_height-2"}
[03:31:09 UTC] [INFO] Updating standard option | Context: {"option_name":"cfvsw_product_attribute_height-2"}
[03:31:09 UTC] [INFO] Processing option | Context: {"option_name":"cfvsw_product_attribute_height-3"}
[03:31:09 UTC] [INFO] Updating standard option | Context: {"option_name":"cfvsw_product_attribute_height-3"}
[03:31:09 UTC] [INFO] Processing option | Context: {"option_name":"cfvsw_product_attribute_shape-1"}
[03:31:09 UTC] [INFO] Updating standard option | Context: {"option_name":"cfvsw_product_attribute_shape-1"}
[03:31:09 UTC] [INFO] Processing option | Context: {"option_name":"cfvsw_product_attribute_shape-2"}
[03:31:09 UTC] [INFO] Updating standard option | Context: {"option_name":"cfvsw_product_attribute_shape-2"}
[03:31:09 UTC] [INFO] Processing option | Context: {"option_name":"cfvsw_product_attribute_shape-3"}
[03:31:09 UTC] [INFO] Updating standard option | Context: {"option_name":"cfvsw_product_attribute_shape-3"}
[03:31:09 UTC] [INFO] Processing option | Context: {"option_name":"cfvsw_product_attribute_size-1"}
[03:31:09 UTC] [INFO] Updating standard option | Context: {"option_name":"cfvsw_product_attribute_size-1"}
[03:31:09 UTC] [INFO] Processing option | Context: {"option_name":"cfvsw_product_attribute_size-2"}
[03:31:09 UTC] [INFO] Updating standard option | Context: {"option_name":"cfvsw_product_attribute_size-2"}
[03:31:09 UTC] [INFO] Processing option | Context: {"option_name":"cfvsw_product_attribute_size-3"}
[03:31:09 UTC] [INFO] Updating standard option | Context: {"option_name":"cfvsw_product_attribute_size-3"}
[03:31:09 UTC] [INFO] Processing option | Context: {"option_name":"cfvsw_product_attribute_width-1"}
[03:31:09 UTC] [INFO] Updating standard option | Context: {"option_name":"cfvsw_product_attribute_width-1"}
[03:31:09 UTC] [INFO] Processing option | Context: {"option_name":"cfvsw_product_attribute_width-2"}
[03:31:09 UTC] [INFO] Updating standard option | Context: {"option_name":"cfvsw_product_attribute_width-2"}
[03:31:09 UTC] [INFO] Processing option | Context: {"option_name":"cfvsw_product_attribute_width-3"}
[03:31:09 UTC] [INFO] Updating standard option | Context: {"option_name":"cfvsw_product_attribute_width-3"}
[03:31:09 UTC] [INFO] Processing option | Context: {"option_name":"moderncart_setting"}
[03:31:09 UTC] [INFO] Updating standard option | Context: {"option_name":"moderncart_setting"}
[03:31:09 UTC] [INFO] Processing option | Context: {"option_name":"moderncart_cart"}
[03:31:09 UTC] [INFO] Updating standard option | Context: {"option_name":"moderncart_cart"}
[03:31:09 UTC] [INFO] Processing option | Context: {"option_name":"moderncart_floating"}
[03:31:09 UTC] [INFO] Updating standard option | Context: {"option_name":"moderncart_floating"}
[03:31:09 UTC] [INFO] Processing option | Context: {"option_name":"moderncart_appearance"}
[03:31:09 UTC] [INFO] Updating standard option | Context: {"option_name":"moderncart_appearance"}
[03:31:09 UTC] [INFO] Option value is null, skipping | Context: {"option_name":"power_coupons_settings"}
[03:31:09 UTC] [INFO] Processing option | Context: {"option_name":"astra-color-palettes"}
[03:31:09 UTC] [INFO] Updating standard option | Context: {"option_name":"astra-color-palettes"}
[03:31:09 UTC] [INFO] Processing option | Context: {"option_name":"astra-typography-presets"}
[03:31:09 UTC] [INFO] Updating standard option | Context: {"option_name":"astra-typography-presets"}
[03:31:09 UTC] [INFO] Running st_importer_import_site_options action
[03:31:09 UTC] [INFO] Processing site options import - Total options: 79
[03:31:09 UTC] [INFO] Updated option: woocommerce_product_attributes | Context: {"id:3":{"attribute_id":"3","attribute_name":"color","attribute_label":"Color","attribute_type":"color","attribute_orderby":"menu_order","attribute_public":0},"id:1":{"attribute_id":"1","attribute_name":"size","attribute_label":"Size","attribute_type":"label","attribute_orderby":"menu_order","attribute_public":0}}
[03:31:09 UTC] [INFO] Updated option: woocommerce_product_cat_list | Context: {"31":{"term_id":31,"name":"Uncategorized","slug":"uncategorized","description":""},"36":{"term_id":36,"name":"Activewear","slug":"activewear","description":""},"34":{"term_id":34,"name":"Casual","slug":"casual","description":""},"37":{"term_id":37,"name":"Evening Dresses","slug":"evening-dresses","description":""},"35":{"term_id":35,"name":"Work &amp; Office","slug":"work-and-office","description":""}}
[03:31:09 UTC] [INFO] Processing WooCommerce product categories - Total: 5
[03:31:09 UTC] [SUCCESS] WooCommerce product categories processed successfully
[03:31:09 UTC] [INFO] Inserting custom logo from URL: https://websitedemos.net/clothing-store-02/wp-content/uploads/sites/1447/2024/03/logo-01.svg
[03:31:09 UTC] [INFO] Starting image import for URL: https://websitedemos.net/clothing-store-02/wp-content/uploads/sites/1447/2024/03/logo-01.svg
[03:31:09 UTC] [INFO] Image already exists in media library (ID: 62), skipping download
[03:31:09 UTC] [SUCCESS] Custom logo set successfully - ID: 62
[03:31:09 UTC] [INFO] Setting nav menu locations - Total menus: 3
[03:31:09 UTC] [INFO] Menu location 'primary' set to term ID: 43
[03:31:09 UTC] [INFO] Menu location 'mobile_menu' set to term ID: 43
[03:31:09 UTC] [INFO] Menu location 'footer_menu' set to term ID: 45
[03:31:09 UTC] [SUCCESS] Nav menu locations updated successfully
[03:31:09 UTC] [INFO] Updated option: show_on_front | Context: "page"
[03:31:09 UTC] [INFO] Updating page ID for option: page_on_front with value: Home
[03:31:09 UTC] [INFO] Page ID updated for page_on_front: 547
[03:31:10 UTC] [INFO] Updating page ID for option: page_for_posts with value: CART10
[03:31:10 UTC] [INFO] Page not found for title: CART10
[03:31:10 UTC] [INFO] Updated option: elementor_cpt_support | Context: ["post","page"]
[03:31:10 UTC] [INFO] Updated option: elementor_css_print_method | Context: "external"
[03:31:10 UTC] [INFO] Updated option: elementor_disable_color_schemes | Context: "yes"
[03:31:10 UTC] [INFO] Updated option: elementor_disable_typography_schemes | Context: "yes"
[03:31:10 UTC] [INFO] Updated option: elementor_editor_break_lines
[03:31:10 UTC] [INFO] Updated option: elementor_load_fa4_shim
[03:31:10 UTC] [INFO] Searching for Elementor kit to set as active
[03:31:10 UTC] [INFO] Elementor active kit set to ID: 497
[03:31:10 UTC] [INFO] Updated option: elementor_experiment-container | Context: "default"
[03:31:10 UTC] [INFO] Updated option: elementor_install_history | Context: {"3.19.4":1709890485,"3.20.0":1710321513,"3.20.1":1710861579,"3.20.2":1711439507,"3.20.3":1711447760,"3.21.0":1713265828,"3.21.1":1713948655,"3.21.4":1714635632,"3.21.5":1715926832,"3.21.6":1716285552,"3.21.8":1716891012,"3.22.1":1718703128,"3.22.2":1719309243,"3.22.3":1720520367,"3.23.1":1721123123,"3.23.2":1721820050,"3.23.3":1722339983,"3.23.4":1723022932,"3.24.2":1726573188}
[03:31:10 UTC] [INFO] Updating WooCommerce page ID for option: woocommerce_shop_page_title with value: Shop
[03:31:10 UTC] [INFO] Updating page ID for option: woocommerce_shop_page_id with value: Shop
[03:31:10 UTC] [INFO] Page ID updated for woocommerce_shop_page_id: 498
[03:31:10 UTC] [INFO] Updating WooCommerce page ID for option: woocommerce_cart_page_title with value: Cart
[03:31:10 UTC] [INFO] Updating page ID for option: woocommerce_cart_page_id with value: Cart
[03:31:10 UTC] [INFO] Page ID updated for woocommerce_cart_page_id: 544
[03:31:10 UTC] [INFO] Updating WooCommerce page ID for option: woocommerce_checkout_page_title with value: Checkout
[03:31:10 UTC] [INFO] Updating page ID for option: woocommerce_checkout_page_id with value: Checkout
[03:31:10 UTC] [INFO] Page ID updated for woocommerce_checkout_page_id: 545
[03:31:10 UTC] [INFO] Updating WooCommerce page ID for option: woocommerce_myaccount_page_title with value: My account
[03:31:10 UTC] [INFO] Updating page ID for option: woocommerce_myaccount_page_id with value: My account
[03:31:10 UTC] [INFO] Page ID updated for woocommerce_myaccount_page_id: 546
[03:31:10 UTC] [INFO] Updating WooCommerce page ID for option: woocommerce_edit_address_page_title with value: CART10
[03:31:10 UTC] [INFO] Updating page ID for option: woocommerce_edit_address_page_id with value: CART10
[03:31:10 UTC] [INFO] Page not found for title: CART10
[03:31:10 UTC] [INFO] Updating WooCommerce page ID for option: woocommerce_view_order_page_title with value: CART10
[03:31:10 UTC] [INFO] Updating page ID for option: woocommerce_view_order_page_id with value: CART10
[03:31:10 UTC] [INFO] Page not found for title: CART10
[03:31:10 UTC] [INFO] Updating WooCommerce page ID for option: woocommerce_change_password_page_title with value: CART10
[03:31:10 UTC] [INFO] Updating page ID for option: woocommerce_change_password_page_id with value: CART10
[03:31:10 UTC] [INFO] Page not found for title: CART10
[03:31:10 UTC] [INFO] Updating WooCommerce page ID for option: woocommerce_logout_page_title with value: CART10
[03:31:10 UTC] [INFO] Updating page ID for option: woocommerce_logout_page_id with value: CART10
[03:31:10 UTC] [INFO] Page not found for title: CART10
[03:31:10 UTC] [INFO] Updated option: woocommerce_enable_guest_checkout | Context: "yes"
[03:31:10 UTC] [INFO] Updated option: woocommerce_enable_checkout_login_reminder | Context: "no"
[03:31:10 UTC] [INFO] Updated option: woocommerce_enable_signup_and_login_from_checkout | Context: "no"
[03:31:10 UTC] [INFO] Updated option: woocommerce_enable_myaccount_registration | Context: "no"
[03:31:10 UTC] [INFO] Updated option: woocommerce_registration_generate_username | Context: "yes"
[03:31:10 UTC] [INFO] Updated option: wpforms_settings | Context: {"modern-markup":"1","modern-markup-is-set":true,"modern-markup-hide-setting":true,"lite-connect-enabled":false,"disable-css":"2","global-assets":false,"gdpr":false}
[03:31:10 UTC] [INFO] Updated option: cfvsw_global | Context: {"enable_swatches":true,"enable_swatches_shop":true,"auto_convert":true,"min_width":24,"min_height":24,"border_radius":3,"disable_attr_type":"blur","tooltip":true,"html_design":"none","font_size":"12","disable_out_of_stock":true}
[03:31:10 UTC] [INFO] Updated option: cfvsw_shop | Context: {"override_global":false,"enable_swatches":true,"auto_convert":true,"min_width":24,"min_height":24,"border_radius":24,"disable_attr_type":"blur","alignment":"center","label":false,"position":"after_price","limit":"","font_size":"12","special_attr_archive":false,"special_attr_choose":""}
[03:31:10 UTC] [INFO] Updated option: cfvsw_style | Context: {"tooltip_background":"#000000","tooltip_font_color":"#ffffff","tooltip_font_size":"12","tooltip_image":"","border_color":"#000000","label_font_size":"","filters":""}
[03:31:10 UTC] [INFO] Updated option: cfvsw_product_attribute_height-1
[03:31:10 UTC] [INFO] Updated option: cfvsw_product_attribute_height-2
[03:31:10 UTC] [INFO] Updated option: cfvsw_product_attribute_height-3
[03:31:10 UTC] [INFO] Updated option: cfvsw_product_attribute_shape-1 | Context: "default"
[03:31:10 UTC] [INFO] Updated option: cfvsw_product_attribute_shape-2 | Context: "default"
[03:31:10 UTC] [INFO] Updated option: cfvsw_product_attribute_shape-3 | Context: "circle"
[03:31:10 UTC] [INFO] Updated option: cfvsw_product_attribute_size-1
[03:31:10 UTC] [INFO] Updated option: cfvsw_product_attribute_size-2
[03:31:10 UTC] [INFO] Updated option: cfvsw_product_attribute_size-3
[03:31:10 UTC] [INFO] Updated option: cfvsw_product_attribute_width-1
[03:31:10 UTC] [INFO] Updated option: cfvsw_product_attribute_width-2
[03:31:10 UTC] [INFO] Updated option: cfvsw_product_attribute_width-3
[03:31:10 UTC] [INFO] Updated option: moderncart_setting | Context: {"enable_moderncart":"all","enable_powered_by":true,"enable_free_shipping_bar":true,"enable_express_checkout":false}
[03:31:10 UTC] [INFO] Updated option: moderncart_cart | Context: {"cart_style":"slideout","cart_theme_style":"style1","product_image_size":"medium","cart_item_padding":20,"animation_speed":300,"section_styling":"accordian","main_title":"Review Your Cart","recommendation_title":"Even better with these!","empty_cart_recommendation_title":"Let's find you something perfect","coupon_title":"Got a Discount Code?","coupon_placeholder":"Enter discount code","checkout_button_label":"Proceed to Checkout","free_shipping_bar_text":"You're {amount} away from free shipping!","on_sale_percentage_text":"You Saved"}
[03:31:10 UTC] [INFO] Updated option: moderncart_floating | Context: {"floating_cart_position":"bottom-right","primary_color":"#131313","heading_color":"#000000","body_color":"#000000","highlight_color":"rgba(0,0,0,0.46)","background_color":"#f6f6f6","button_font_color":"#FFFFFF","header_font_color":"#000000","header_background_color":"#f6f6f6","quantity_font_color":"#000000","quantity_background_color":"rgba(0,0,0,0.14)","icon_color":"#FFFFFF","count_text_color":"#000000","count_background_color":"rgba(0,0,0,0.14)","icon_background_color":"#131313"}
[03:31:10 UTC] [INFO] Updated option: moderncart_appearance | Context: {"primary_color":"#131313","heading_color":"#000000","body_color":"#000000","highlight_color":"rgba(0,0,0,0.46)","background_color":"#f6f6f6","button_font_color":"#FFFFFF","header_font_color":"#000000","header_background_color":"#f6f6f6","quantity_font_color":"#000000","quantity_background_color":"rgba(0,0,0,0.14)","icon_color":"#FFFFFF","count_text_color":"#000000","count_background_color":"rgba(0,0,0,0.14)","icon_background_color":"#131313"}
[03:31:10 UTC] [INFO] Updated option: astra-color-palettes | Context: {"currentPalette":"palette_1","palettes":{"palette_1":["#131313","#000000","#000000","rgba(0,0,0,0.46)","#f6f6f6","#FFFFFF","rgba(0,0,0,0.14)","#000000","#878787"],"palette_2":["#0067FF","#005EE9","#0F172A","#364151","#E7F6FF","#FFFFFF","#D1DAE5","#070614","#222222"],"palette_3":["#6528F7","#5511F8","#0F172A","#454F5E","#F2F0FE","#FFFFFF","#D8D8F5","#0D0614","#222222"],"palette_4":["#0085FF","#0177E3","#FFFFFF","#E7F6FF","#212A37","#0F172A","#4F5B62","#070614","#222222"]},"presets":{"Oak":["#0067FF","#005EE9","#0F172A","#364151","#E7F6FF","#FFFFFF","#D1DAE5","#070614","#222222"],"Viola":["#6528F7","#5511F8","#0F172A","#454F5E","#F2F0FE","#FFFFFF","#D8D8F5","#0D0614","#222222"],"Cedar":["#DD183B","#CC1939","#0F172A","#3A3A3A","#FFEDE6","#FFFFFF","#FFD1BF","#140609","#222222"],"Willow":["#54B435","#379237","#0F172A","#2F3B40","#EDFBE2","#FFFFFF","#D5EAD8","#0C1406","#222222"],"Lily":["#DCA54A","#D09A40","#0F172A","#4A4A4A","#FAF5E5","#FFFFFF","#F0E6C5","#141004","#222222"],"Rose":["#FB5FAB","#EA559D","#0F172A","#454F5E","#FCEEF5","#FFFFFF","#FAD8E9","#140610","#222222"],"Sage":["#1B9C85","#178E79","#0F172A","#454F5E","#EDF6EE","#FFFFFF","#D4F3D7","#06140C","#222222"],"Flare":["#FD9800","#E98C00","#0F172A","#454F5E","#FEF9E1","#FFFFFF","#F9F0C8","#141006","#222222"],"Maple":["#FF6210","#F15808","#1C0D0A","#353535","#FEF1E4","#FFFFFF","#E5D7D1","#140B06","#222222"],"Birch":["#737880","#65696F","#151616","#393C40","#F6F6F6","#FFFFFF","#F1F0F0","#232529","#222222"],"Dark":["#0085FF","#0177E3","#FFFFFF","#E7F6FF","#212A37","#0F172A","#4F5B62","#070614","#222222"]},"flag":true}
[03:31:10 UTC] [INFO] Updated option: astra-typography-presets
[03:31:10 UTC] [SUCCESS] Classic templates options import completed successfully
[03:31:10 UTC] [SUCCESS] Site options import completed successfully | Context: {"processed_count":52,"skipped_count":27,"total_count":79}
[03:31:10 UTC] [SUCCESS] Site options Imported!
[03:31:14 UTC] [INFO] Image subsizes deferral enabled for import
[03:31:15 UTC] [INFO] ---

[03:31:15 UTC] [INFO] Starting import widgets
[03:31:15 UTC] [INFO] Importing widgets
[03:31:15 UTC] [INFO] Starting widgets import
[03:31:15 UTC] [INFO] Processing widget data | Context: {"data_type":"string","widgets_data_type":"string"}
[03:31:15 UTC] [INFO] Parsing widget data from JSON string
[03:31:15 UTC] [INFO] Importing widget data via ST_Widget_Importer
[03:31:15 UTC] [INFO] Starting widget import process
[03:31:15 UTC] [INFO] Checking available widgets | Context: {"widget_control_count":46}
[03:31:15 UTC] [INFO] Widget availability check completed | Context: {"available_widget_count":34,"available_widgets":["pages","calendar","archives","media_audio","media_image","media_gallery","media_video","meta","search","text","categories","recent-posts","recent-comments","rss","tag_cloud","nav_menu","custom_html","block","woocommerce_widget_cart","woocommerce_layered_nav_filters","woocommerce_layered_nav","woocommerce_price_filter","woocommerce_product_categories","woocommerce_product_search","woocommerce_product_tag_cloud","woocommerce_products","woocommerce_recently_viewed_products","woocommerce_top_rated_products","woocommerce_recent_reviews","woocommerce_rating_filter","wc_brands_brand_description","woocommerce_brand_nav","wc_brands_brand_thumbnails","currency_switcher_widget"]}
[03:31:15 UTC] [INFO] Loaded widget configuration | Context: {"available_widget_types":34,"sidebar_count":7}
[03:31:15 UTC] [INFO] Processing sidebars from import data | Context: {"sidebar_count_in_data":5}
[03:31:15 UTC] [INFO] Processing sidebar: sidebar-1 | Context: {"sidebar_name":"Main Sidebar","widget_count":5,"availability":"available"}
[03:31:15 UTC] [INFO] Processing widget: block-2 | Context: {"widget_type":"block","instance_id":"2","sidebar_id":"sidebar-1"}
[03:31:15 UTC] [INFO] Widget data formatted and saved: block | Context: {"widget_type":"block","instance_count":15,"update_result":true}
[03:31:15 UTC] [SUCCESS] Widget imported successfully: block-15 | Context: {"widget_type":"block","new_instance_id":"block-15","sidebar_id":"sidebar-1","widget_title":"No Title"}
[03:31:15 UTC] [INFO] Processing widget: block-3 | Context: {"widget_type":"block","instance_id":"3","sidebar_id":"sidebar-1"}
[03:31:15 UTC] [INFO] Widget data formatted and saved: block | Context: {"widget_type":"block","instance_count":16,"update_result":true}
[03:31:15 UTC] [SUCCESS] Widget imported successfully: block-16 | Context: {"widget_type":"block","new_instance_id":"block-16","sidebar_id":"sidebar-1","widget_title":"No Title"}
[03:31:15 UTC] [INFO] Processing widget: block-4 | Context: {"widget_type":"block","instance_id":"4","sidebar_id":"sidebar-1"}
[03:31:15 UTC] [INFO] Widget data formatted and saved: block | Context: {"widget_type":"block","instance_count":17,"update_result":true}
[03:31:15 UTC] [SUCCESS] Widget imported successfully: block-17 | Context: {"widget_type":"block","new_instance_id":"block-17","sidebar_id":"sidebar-1","widget_title":"No Title"}
[03:31:15 UTC] [INFO] Processing widget: block-5 | Context: {"widget_type":"block","instance_id":"5","sidebar_id":"sidebar-1"}
[03:31:15 UTC] [INFO] Widget data formatted and saved: block | Context: {"widget_type":"block","instance_count":18,"update_result":true}
[03:31:15 UTC] [SUCCESS] Widget imported successfully: block-18 | Context: {"widget_type":"block","new_instance_id":"block-18","sidebar_id":"sidebar-1","widget_title":"No Title"}
[03:31:15 UTC] [INFO] Processing widget: block-6 | Context: {"widget_type":"block","instance_id":"6","sidebar_id":"sidebar-1"}
[03:31:15 UTC] [INFO] Widget data formatted and saved: block | Context: {"widget_type":"block","instance_count":19,"update_result":true}
[03:31:15 UTC] [SUCCESS] Widget imported successfully: block-19 | Context: {"widget_type":"block","new_instance_id":"block-19","sidebar_id":"sidebar-1","widget_title":"No Title"}
[03:31:15 UTC] [INFO] Processing sidebar: footer-widget-1 | Context: {"sidebar_name":"Footer Builder Widget 1","widget_count":1,"availability":"available"}
[03:31:15 UTC] [INFO] Processing widget: nav_menu-3 | Context: {"widget_type":"nav_menu","instance_id":"3","sidebar_id":"footer-widget-1"}
[03:31:15 UTC] [INFO] Widget data formatted and saved: nav_menu | Context: {"widget_type":"nav_menu","instance_count":3,"update_result":true}
[03:31:15 UTC] [SUCCESS] Widget imported successfully: nav_menu-2 | Context: {"widget_type":"nav_menu","new_instance_id":"nav_menu-2","sidebar_id":"footer-widget-1","widget_title":"Menu"}
[03:31:15 UTC] [INFO] Processing sidebar: footer-widget-2 | Context: {"sidebar_name":"Footer Builder Widget 2","widget_count":1,"availability":"available"}
[03:31:16 UTC] [INFO] Processing widget: nav_menu-4 | Context: {"widget_type":"nav_menu","instance_id":"4","sidebar_id":"footer-widget-2"}
[03:31:16 UTC] [INFO] Widget data formatted and saved: nav_menu | Context: {"widget_type":"nav_menu","instance_count":4,"update_result":true}
[03:31:16 UTC] [SUCCESS] Widget imported successfully: nav_menu-3 | Context: {"widget_type":"nav_menu","new_instance_id":"nav_menu-3","sidebar_id":"footer-widget-2","widget_title":"Categories"}
[03:31:16 UTC] [INFO] Processing sidebar: footer-widget-3 | Context: {"sidebar_name":"Footer Builder Widget 3","widget_count":1,"availability":"available"}
[03:31:16 UTC] [INFO] Processing widget: nav_menu-6 | Context: {"widget_type":"nav_menu","instance_id":"6","sidebar_id":"footer-widget-3"}
[03:31:16 UTC] [INFO] Widget data formatted and saved: nav_menu | Context: {"widget_type":"nav_menu","instance_count":5,"update_result":true}
[03:31:16 UTC] [SUCCESS] Widget imported successfully: nav_menu-4 | Context: {"widget_type":"nav_menu","new_instance_id":"nav_menu-4","sidebar_id":"footer-widget-3","widget_title":"Resources"}
[03:31:16 UTC] [INFO] Processing sidebar: footer-widget-4 | Context: {"sidebar_name":"Footer Builder Widget 4","widget_count":1,"availability":"available"}
[03:31:16 UTC] [INFO] Processing widget: nav_menu-7 | Context: {"widget_type":"nav_menu","instance_id":"7","sidebar_id":"footer-widget-4"}
[03:31:16 UTC] [INFO] Widget data formatted and saved: nav_menu | Context: {"widget_type":"nav_menu","instance_count":6,"update_result":true}
[03:31:16 UTC] [SUCCESS] Widget imported successfully: nav_menu-5 | Context: {"widget_type":"nav_menu","new_instance_id":"nav_menu-5","sidebar_id":"footer-widget-4","widget_title":"Social Media"}
[03:31:16 UTC] [INFO] Widget import process completed | Context: {"total_sidebars_processed":5,"successful_imports":9,"warnings":0,"errors":0,"total_widgets_processed":9}
[03:31:16 UTC] [INFO] Retrieving current sidebars and widgets
[03:31:16 UTC] [INFO] Backing up old widgets data | Context: {"sidebars_count":13}
[03:31:16 UTC] [SUCCESS] Widgets import completed successfully
[03:31:16 UTC] [SUCCESS] Widget Imported!
[03:31:19 UTC] [INFO] Image subsizes deferral enabled for import
[03:31:20 UTC] [INFO] ---

[03:31:20 UTC] [INFO] Setting site data: site-colors
[03:31:23 UTC] [INFO] Image subsizes deferral enabled for import
[03:31:24 UTC] [INFO] ---

[03:31:24 UTC] [INFO] Setting site data: site-typography
[03:31:27 UTC] [INFO] Image subsizes deferral enabled for import
[03:31:28 UTC] [INFO] ---

[03:31:28 UTC] [INFO] Starting import end process
[03:31:28 UTC] [INFO] Finalizing import process
[03:31:28 UTC] [INFO] Setting permalink structure to post name
[03:31:28 UTC] [INFO] Executing import complete actions
[03:31:28 UTC] [INFO] Batch processing started
[03:31:28 UTC] [INFO] Batch processing queue created | Context: {"total_classes":9,"attachment_count":40,"has_images":true}
[03:31:29 UTC] [INFO] Batch processing queue dispatched to background
[03:31:29 UTC] [INFO] Batch Process Started..
[03:31:29 UTC] [INFO] Starter Templates - Importing Images for Blog name 'HQ Store' (1)
[03:31:30 UTC] [SUCCESS] Import completed successfully!
[03:31:33 UTC] [INFO] Gutenberg batch processing started
[03:31:33 UTC] [INFO] Gutenberg posts retrieved for processing | Context: {"post_count":9,"post_types":"page, post, wp_block, wp_template, wp_navigation, wp_template_part, wp_global_styles, sc_form, spectra-popup, sfwd-courses, sfwd-lessons, sfwd-topic, sfwd-quiz, sfwd-certificates, sfwd-assignment"}
[03:31:33 UTC] [INFO] Processing Gutenberg post | Context: {"post_id":550}
[03:31:33 UTC] [INFO] Replacing taxonomy category IDs in post content | Context: {"post_id":550,"mappings_count":1}
[03:31:33 UTC] [INFO] Updating post content (first pass) | Context: {"post_id":550}
[03:31:33 UTC] [INFO] Starting link extraction and replacement process
[03:31:33 UTC] [INFO] Links discovered in content | Context: {"total_links":0}
[03:31:33 UTC] [INFO] No links found in content, skipping replacement
[03:31:33 UTC] [INFO] Updating post content (second pass with link replacements) | Context: {"post_id":550}
[03:31:33 UTC] [SUCCESS] Successfully completed processing Gutenberg post | Context: {"post_id":550}
[03:31:33 UTC] [INFO] Processing Gutenberg post | Context: {"post_id":549}
[03:31:33 UTC] [INFO] Skipping post - uses other page builder | Context: {"post_id":549,"elementor":true,"beaver":false,"brizy":false}
[03:31:33 UTC] [INFO] Processing Gutenberg post | Context: {"post_id":545}
[03:31:33 UTC] [INFO] Replacing taxonomy category IDs in post content | Context: {"post_id":545,"mappings_count":1}
[03:31:33 UTC] [INFO] Updating post content (first pass) | Context: {"post_id":545}
[03:31:33 UTC] [INFO] Starting link extraction and replacement process
[03:31:33 UTC] [INFO] Links discovered in content | Context: {"total_links":0}
[03:31:33 UTC] [INFO] No links found in content, skipping replacement
[03:31:33 UTC] [INFO] Updating post content (second pass with link replacements) | Context: {"post_id":545}
[03:31:33 UTC] [SUCCESS] Successfully completed processing Gutenberg post | Context: {"post_id":545}
[03:31:33 UTC] [INFO] Processing Gutenberg post | Context: {"post_id":546}
[03:31:33 UTC] [INFO] Replacing taxonomy category IDs in post content | Context: {"post_id":546,"mappings_count":1}
[03:31:33 UTC] [INFO] Updating post content (first pass) | Context: {"post_id":546}
[03:31:33 UTC] [INFO] Starting link extraction and replacement process
[03:31:33 UTC] [INFO] Links discovered in content | Context: {"total_links":0}
[03:31:33 UTC] [INFO] No links found in content, skipping replacement
[03:31:33 UTC] [INFO] Updating post content (second pass with link replacements) | Context: {"post_id":546}
[03:31:33 UTC] [SUCCESS] Successfully completed processing Gutenberg post | Context: {"post_id":546}
[03:31:33 UTC] [INFO] Processing Gutenberg post | Context: {"post_id":547}
[03:31:33 UTC] [INFO] Skipping post - uses other page builder | Context: {"post_id":547,"elementor":true,"beaver":false,"brizy":false}
[03:31:33 UTC] [INFO] Processing Gutenberg post | Context: {"post_id":548}
[03:31:33 UTC] [INFO] Skipping post - uses other page builder | Context: {"post_id":548,"elementor":true,"beaver":false,"brizy":false}
[03:31:33 UTC] [INFO] Processing Gutenberg post | Context: {"post_id":543}
[03:31:33 UTC] [INFO] Replacing taxonomy category IDs in post content | Context: {"post_id":543,"mappings_count":1}
[03:31:33 UTC] [INFO] Updating post content (first pass) | Context: {"post_id":543}
[03:31:34 UTC] [INFO] Starting link extraction and replacement process
[03:31:34 UTC] [INFO] Links discovered in content | Context: {"total_links":1}
[03:31:34 UTC] [INFO] Starting link replacements in content | Context: {"replacements_count":1}
[03:31:34 UTC] [SUCCESS] Link replacement process completed | Context: {"total_replacements":1}
[03:31:34 UTC] [INFO] Updating post content (second pass with link replacements) | Context: {"post_id":543}
[03:31:34 UTC] [SUCCESS] Successfully completed processing Gutenberg post | Context: {"post_id":543}
[03:31:34 UTC] [INFO] Processing Gutenberg post | Context: {"post_id":544}
[03:31:34 UTC] [INFO] Replacing taxonomy category IDs in post content | Context: {"post_id":544,"mappings_count":1}
[03:31:34 UTC] [INFO] Updating post content (first pass) | Context: {"post_id":544}
[03:31:34 UTC] [INFO] Starting link extraction and replacement process
[03:31:34 UTC] [INFO] Links discovered in content | Context: {"total_links":0}
[03:31:34 UTC] [INFO] No links found in content, skipping replacement
[03:31:34 UTC] [INFO] Updating post content (second pass with link replacements) | Context: {"post_id":544}
[03:31:34 UTC] [SUCCESS] Successfully completed processing Gutenberg post | Context: {"post_id":544}
[03:31:34 UTC] [INFO] Processing Gutenberg post | Context: {"post_id":498}
[03:31:34 UTC] [INFO] Skipping post - uses other page builder | Context: {"post_id":498,"elementor":true,"beaver":false,"brizy":false}
[03:31:34 UTC] [SUCCESS] Gutenberg batch processing completed successfully | Context: {"posts_processed":9}
[03:31:34 UTC] [INFO] Elementor batch processing started
[03:31:34 UTC] [INFO] Elementor posts retrieved for processing | Context: {"post_count":9,"post_types":"page, post, wp_block, wp_template, wp_navigation, wp_template_part, wp_global_styles, sc_form"}
[03:31:34 UTC] [INFO] Processing Elementor post | Context: {"post_id":550}
[03:31:34 UTC] [INFO] Skipping post - not an Elementor page or missing data | Context: {"post_id":550,"has_version":false,"has_data":false}
[03:31:34 UTC] [INFO] Processing Elementor post | Context: {"post_id":549}
[03:31:34 UTC] [INFO] Processing Elementor widgets | Context: {"widget_count":5}
[03:31:34 UTC] [INFO] Processing Elementor widgets | Context: {"widget_count":1}
[03:31:34 UTC] [INFO] Processing Elementor widgets | Context: {"widget_count":1}
[03:31:34 UTC] [INFO] Processing Elementor widgets | Context: {"widget_count":0}
[03:31:34 UTC] [INFO] Completed processing Elementor widgets | Context: {"processed_count":0}
[03:31:34 UTC] [INFO] Completed processing Elementor widgets | Context: {"processed_count":1}
[03:31:34 UTC] [INFO] Completed processing Elementor widgets | Context: {"processed_count":1}
[03:31:34 UTC] [INFO] Processing Elementor widgets | Context: {"widget_count":3}
[03:31:34 UTC] [INFO] Processing Elementor widgets | Context: {"widget_count":2}
[03:31:34 UTC] [INFO] Processing Elementor widgets | Context: {"widget_count":0}
[03:31:34 UTC] [INFO] Completed processing Elementor widgets | Context: {"processed_count":0}
[03:31:34 UTC] [INFO] Processing Elementor widgets | Context: {"widget_count":0}
[03:31:34 UTC] [INFO] Completed processing Elementor widgets | Context: {"processed_count":0}
[03:31:34 UTC] [INFO] Completed processing Elementor widgets | Context: {"processed_count":2}
[03:31:34 UTC] [INFO] Processing Elementor widgets | Context: {"widget_count":1}
[03:31:34 UTC] [INFO] Processing Elementor widgets | Context: {"widget_count":0}
[03:31:34 UTC] [INFO] Completed processing Elementor widgets | Context: {"processed_count":0}
[03:31:34 UTC] [INFO] Completed processing Elementor widgets | Context: {"processed_count":1}
[03:31:34 UTC] [INFO] Processing Elementor widgets | Context: {"widget_count":4}
[03:31:34 UTC] [INFO] Processing Elementor widgets | Context: {"widget_count":0}
[03:31:34 UTC] [INFO] Completed processing Elementor widgets | Context: {"processed_count":0}
[03:31:34 UTC] [INFO] Processing Elementor widgets | Context: {"widget_count":0}
[03:31:34 UTC] [INFO] Completed processing Elementor widgets | Context: {"processed_count":0}
[03:31:34 UTC] [INFO] Processing Elementor widgets | Context: {"widget_count":0}
[03:31:34 UTC] [INFO] Completed processing Elementor widgets | Context: {"processed_count":0}
[03:31:34 UTC] [INFO] Processing Elementor widgets | Context: {"widget_count":2}
[03:31:34 UTC] [INFO] Processing Elementor widgets | Context: {"widget_count":0}
[03:31:34 UTC] [INFO] Completed processing Elementor widgets | Context: {"processed_count":0}
[03:31:34 UTC] [INFO] Processing Elementor widgets | Context: {"widget_count":0}
[03:31:34 UTC] [INFO] Completed processing Elementor widgets | Context: {"processed_count":0}
[03:31:35 UTC] [INFO] Completed processing Elementor widgets | Context: {"processed_count":2}
[03:31:35 UTC] [INFO] Completed processing Elementor widgets | Context: {"processed_count":4}
[03:31:35 UTC] [INFO] Completed processing Elementor widgets | Context: {"processed_count":3}
[03:31:35 UTC] [INFO] Processing Elementor widgets | Context: {"widget_count":1}
[03:31:35 UTC] [INFO] Processing Elementor widgets | Context: {"widget_count":0}
[03:31:35 UTC] [INFO] Completed processing Elementor widgets | Context: {"processed_count":0}
[03:31:35 UTC] [INFO] Completed processing Elementor widgets | Context: {"processed_count":1}
[03:31:35 UTC] [INFO] Processing Elementor widgets | Context: {"widget_count":1}
[03:31:35 UTC] [INFO] Processing Elementor widgets | Context: {"widget_count":4}
[03:31:35 UTC] [INFO] Processing Elementor widgets | Context: {"widget_count":0}
[03:31:35 UTC] [INFO] Completed processing Elementor widgets | Context: {"processed_count":0}
[03:31:35 UTC] [INFO] Processing Elementor widgets | Context: {"widget_count":0}
[03:31:35 UTC] [INFO] Completed processing Elementor widgets | Context: {"processed_count":0}
[03:31:35 UTC] [INFO] Processing Elementor widgets | Context: {"widget_count":0}
[03:31:35 UTC] [INFO] Completed processing Elementor widgets | Context: {"processed_count":0}
[03:31:35 UTC] [INFO] Processing Elementor widgets | Context: {"widget_count":0}
[03:31:35 UTC] [INFO] Completed processing Elementor widgets | Context: {"processed_count":0}
[03:31:35 UTC] [INFO] Completed processing Elementor widgets | Context: {"processed_count":4}
[03:31:35 UTC] [INFO] Completed processing Elementor widgets | Context: {"processed_count":1}
[03:31:35 UTC] [INFO] Processing Elementor widgets | Context: {"widget_count":1}
[03:31:35 UTC] [INFO] Processing Elementor widgets | Context: {"widget_count":3}
[03:31:35 UTC] [INFO] Processing Elementor widgets | Context: {"widget_count":0}
[03:31:35 UTC] [INFO] Completed processing Elementor widgets | Context: {"processed_count":0}
[03:31:35 UTC] [INFO] Processing Elementor widgets | Context: {"widget_count":0}
[03:31:35 UTC] [INFO] Completed processing Elementor widgets | Context: {"processed_count":0}
[03:31:35 UTC] [INFO] Processing Elementor widgets | Context: {"widget_count":0}
[03:31:35 UTC] [INFO] Completed processing Elementor widgets | Context: {"processed_count":0}
[03:31:35 UTC] [INFO] Completed processing Elementor widgets | Context: {"processed_count":3}
[03:31:35 UTC] [INFO] Completed processing Elementor widgets | Context: {"processed_count":1}
[03:31:35 UTC] [INFO] Completed processing Elementor widgets | Context: {"processed_count":5}
[03:31:35 UTC] [SUCCESS] Updated Elementor data successfully | Context: {"post_id":549}
[03:31:35 UTC] [INFO] Cleared Elementor cache | Context: {"post_id":549}
[03:31:35 UTC] [SUCCESS] Completed processing Elementor post | Context: {"post_id":549}
[03:31:35 UTC] [INFO] Processing Elementor post | Context: {"post_id":544}
[03:31:35 UTC] [INFO] Skipping post - not an Elementor page or missing data | Context: {"post_id":544,"has_version":false,"has_data":false}
[03:31:35 UTC] [INFO] Processing Elementor post | Context: {"post_id":545}
[03:31:35 UTC] [INFO] Skipping post - not an Elementor page or missing data | Context: {"post_id":545,"has_version":false,"has_data":false}
[03:31:35 UTC] [INFO] Processing Elementor post | Context: {"post_id":546}
[03:31:35 UTC] [INFO] Skipping post - not an Elementor page or missing data | Context: {"post_id":546,"has_version":false,"has_data":false}
[03:31:35 UTC] [INFO] Processing Elementor post | Context: {"post_id":547}
[03:31:35 UTC] [INFO] Processing Elementor widgets | Context: {"widget_count":9}
[03:31:35 UTC] [INFO] Processing Elementor widgets | Context: {"widget_count":1}
[03:31:35 UTC] [INFO] Processing Elementor widgets | Context: {"widget_count":3}
[03:31:35 UTC] [INFO] Processing Elementor widgets | Context: {"widget_count":0}
[03:31:35 UTC] [INFO] Completed processing Elementor widgets | Context: {"processed_count":0}
[03:31:35 UTC] [INFO] Processing Elementor widgets | Context: {"widget_count":0}
[03:31:35 UTC] [INFO] Completed processing Elementor widgets | Context: {"processed_count":0}
[03:31:35 UTC] [INFO] Processing Elementor widgets | Context: {"widget_count":0}
[03:31:35 UTC] [INFO] Completed processing Elementor widgets | Context: {"processed_count":0}
[03:31:35 UTC] [INFO] Completed processing Elementor widgets | Context: {"processed_count":3}
[03:31:35 UTC] [INFO] Completed processing Elementor widgets | Context: {"processed_count":1}
[03:31:35 UTC] [INFO] Processing Elementor widgets | Context: {"widget_count":2}
[03:31:35 UTC] [INFO] Processing Elementor widgets | Context: {"widget_count":0}
[03:31:35 UTC] [INFO] Completed processing Elementor widgets | Context: {"processed_count":0}
[03:31:35 UTC] [INFO] Processing Elementor widgets | Context: {"widget_count":1}
[03:31:35 UTC] [INFO] Processing Elementor widgets | Context: {"widget_count":0}
[03:31:35 UTC] [INFO] Completed processing Elementor widgets | Context: {"processed_count":0}
[03:31:35 UTC] [INFO] Completed processing Elementor widgets | Context: {"processed_count":1}
[03:31:35 UTC] [INFO] Completed processing Elementor widgets | Context: {"processed_count":2}
[03:31:35 UTC] [INFO] Processing Elementor widgets | Context: {"widget_count":1}
[03:31:35 UTC] [INFO] Processing Elementor widgets | Context: {"widget_count":2}
[03:31:36 UTC] [INFO] Processing Elementor widgets | Context: {"widget_count":0}
[03:31:36 UTC] [INFO] Completed processing Elementor widgets | Context: {"processed_count":0}
[03:31:36 UTC] [INFO] Processing Elementor widgets | Context: {"widget_count":0}
[03:31:36 UTC] [INFO] Completed processing Elementor widgets | Context: {"processed_count":0}
[03:31:36 UTC] [INFO] Completed processing Elementor widgets | Context: {"processed_count":2}
[03:31:36 UTC] [INFO] Completed processing Elementor widgets | Context: {"processed_count":1}
[03:31:36 UTC] [INFO] Processing Elementor widgets | Context: {"widget_count":1}
[03:31:36 UTC] [INFO] Processing Elementor widgets | Context: {"widget_count":3}
[03:31:36 UTC] [INFO] Processing Elementor widgets | Context: {"widget_count":0}
[03:31:36 UTC] [INFO] Completed processing Elementor widgets | Context: {"processed_count":0}
[03:31:36 UTC] [INFO] Processing Elementor widgets | Context: {"widget_count":0}
[03:31:36 UTC] [INFO] Completed processing Elementor widgets | Context: {"processed_count":0}
[03:31:36 UTC] [INFO] Processing Elementor widgets | Context: {"widget_count":0}
[03:31:36 UTC] [INFO] Completed processing Elementor widgets | Context: {"processed_count":0}
[03:31:36 UTC] [INFO] Completed processing Elementor widgets | Context: {"processed_count":3}
[03:31:36 UTC] [INFO] Completed processing Elementor widgets | Context: {"processed_count":1}
[03:31:36 UTC] [INFO] Processing Elementor widgets | Context: {"widget_count":1}
[03:31:36 UTC] [INFO] Processing Elementor widgets | Context: {"widget_count":2}
[03:31:36 UTC] [INFO] Processing Elementor widgets | Context: {"widget_count":0}
[03:31:36 UTC] [INFO] Completed processing Elementor widgets | Context: {"processed_count":0}
[03:31:36 UTC] [INFO] Processing Elementor widgets | Context: {"widget_count":0}
[03:31:36 UTC] [INFO] Completed processing Elementor widgets | Context: {"processed_count":0}
[03:31:36 UTC] [INFO] Completed processing Elementor widgets | Context: {"processed_count":2}
[03:31:36 UTC] [INFO] Completed processing Elementor widgets | Context: {"processed_count":1}
[03:31:36 UTC] [INFO] Processing Elementor widgets | Context: {"widget_count":2}
[03:31:36 UTC] [INFO] Processing Elementor widgets | Context: {"widget_count":0}
[03:31:36 UTC] [INFO] Completed processing Elementor widgets | Context: {"processed_count":0}
[03:31:36 UTC] [INFO] Processing Elementor widgets | Context: {"widget_count":1}
[03:31:36 UTC] [INFO] Processing Elementor widgets | Context: {"widget_count":0}
[03:31:36 UTC] [INFO] Completed processing Elementor widgets | Context: {"processed_count":0}
[03:31:36 UTC] [INFO] Completed processing Elementor widgets | Context: {"processed_count":1}
[03:31:36 UTC] [INFO] Completed processing Elementor widgets | Context: {"processed_count":2}
[03:31:36 UTC] [INFO] Processing Elementor widgets | Context: {"widget_count":1}
[03:31:36 UTC] [INFO] Processing Elementor widgets | Context: {"widget_count":3}
[03:31:36 UTC] [INFO] Processing Elementor widgets | Context: {"widget_count":0}
[03:31:36 UTC] [INFO] Completed processing Elementor widgets | Context: {"processed_count":0}
[03:31:36 UTC] [INFO] Processing Elementor widgets | Context: {"widget_count":0}
[03:31:36 UTC] [INFO] Completed processing Elementor widgets | Context: {"processed_count":0}
[03:31:36 UTC] [INFO] Processing Elementor widgets | Context: {"widget_count":0}
[03:31:36 UTC] [INFO] Completed processing Elementor widgets | Context: {"processed_count":0}
[03:31:36 UTC] [INFO] Completed processing Elementor widgets | Context: {"processed_count":3}
[03:31:36 UTC] [INFO] Completed processing Elementor widgets | Context: {"processed_count":1}
[03:31:36 UTC] [INFO] Processing Elementor widgets | Context: {"widget_count":1}
[03:31:36 UTC] [INFO] Processing Elementor widgets | Context: {"widget_count":4}
[03:31:36 UTC] [INFO] Processing Elementor widgets | Context: {"widget_count":0}
[03:31:36 UTC] [INFO] Completed processing Elementor widgets | Context: {"processed_count":0}
[03:31:36 UTC] [INFO] Processing Elementor widgets | Context: {"widget_count":0}
[03:31:36 UTC] [INFO] Completed processing Elementor widgets | Context: {"processed_count":0}
[03:31:36 UTC] [INFO] Processing Elementor widgets | Context: {"widget_count":0}
[03:31:36 UTC] [INFO] Completed processing Elementor widgets | Context: {"processed_count":0}
[03:31:36 UTC] [INFO] Processing Elementor widgets | Context: {"widget_count":0}
[03:31:36 UTC] [INFO] Completed processing Elementor widgets | Context: {"processed_count":0}
[03:31:36 UTC] [INFO] Completed processing Elementor widgets | Context: {"processed_count":4}
[03:31:36 UTC] [INFO] Completed processing Elementor widgets | Context: {"processed_count":1}
[03:31:36 UTC] [INFO] Processing Elementor widgets | Context: {"widget_count":1}
[03:31:36 UTC] [INFO] Processing Elementor widgets | Context: {"widget_count":3}
[03:31:36 UTC] [INFO] Processing Elementor widgets | Context: {"widget_count":0}
[03:31:36 UTC] [INFO] Completed processing Elementor widgets | Context: {"processed_count":0}
[03:31:36 UTC] [INFO] Processing Elementor widgets | Context: {"widget_count":0}
[03:31:36 UTC] [INFO] Completed processing Elementor widgets | Context: {"processed_count":0}
[03:31:37 UTC] [INFO] Processing Elementor widgets | Context: {"widget_count":0}
[03:31:37 UTC] [INFO] Completed processing Elementor widgets | Context: {"processed_count":0}
[03:31:37 UTC] [INFO] Completed processing Elementor widgets | Context: {"processed_count":3}
[03:31:37 UTC] [INFO] Completed processing Elementor widgets | Context: {"processed_count":1}
[03:31:37 UTC] [INFO] Completed processing Elementor widgets | Context: {"processed_count":9}
[03:31:37 UTC] [SUCCESS] Updated Elementor data successfully | Context: {"post_id":547}
[03:31:37 UTC] [INFO] Cleared Elementor cache | Context: {"post_id":547}
[03:31:37 UTC] [SUCCESS] Completed processing Elementor post | Context: {"post_id":547}
[03:31:37 UTC] [INFO] Processing Elementor post | Context: {"post_id":548}
[03:31:37 UTC] [INFO] Processing Elementor widgets | Context: {"widget_count":5}
[03:31:37 UTC] [INFO] Processing Elementor widgets | Context: {"widget_count":1}
[03:31:37 UTC] [INFO] Processing Elementor widgets | Context: {"widget_count":1}
[03:31:37 UTC] [INFO] Processing Elementor widgets | Context: {"widget_count":0}
[03:31:37 UTC] [INFO] Completed processing Elementor widgets | Context: {"processed_count":0}
[03:31:37 UTC] [INFO] Completed processing Elementor widgets | Context: {"processed_count":1}
[03:31:37 UTC] [INFO] Completed processing Elementor widgets | Context: {"processed_count":1}
[03:31:37 UTC] [INFO] Processing Elementor widgets | Context: {"widget_count":3}
[03:31:37 UTC] [INFO] Processing Elementor widgets | Context: {"widget_count":1}
[03:31:37 UTC] [INFO] Processing Elementor widgets | Context: {"widget_count":0}
[03:31:37 UTC] [INFO] Completed processing Elementor widgets | Context: {"processed_count":0}
[03:31:37 UTC] [INFO] Completed processing Elementor widgets | Context: {"processed_count":1}
[03:31:37 UTC] [INFO] Processing Elementor widgets | Context: {"widget_count":2}
[03:31:37 UTC] [INFO] Processing Elementor widgets | Context: {"widget_count":0}
[03:31:37 UTC] [INFO] Completed processing Elementor widgets | Context: {"processed_count":0}
[03:31:37 UTC] [INFO] Processing Elementor widgets | Context: {"widget_count":0}
[03:31:37 UTC] [INFO] Completed processing Elementor widgets | Context: {"processed_count":0}
[03:31:37 UTC] [INFO] Completed processing Elementor widgets | Context: {"processed_count":2}
[03:31:37 UTC] [INFO] Processing Elementor widgets | Context: {"widget_count":2}
[03:31:37 UTC] [INFO] Processing Elementor widgets | Context: {"widget_count":0}
[03:31:37 UTC] [INFO] Completed processing Elementor widgets | Context: {"processed_count":0}
[03:31:37 UTC] [INFO] Processing Elementor widgets | Context: {"widget_count":0}
[03:31:37 UTC] [INFO] Completed processing Elementor widgets | Context: {"processed_count":0}
[03:31:37 UTC] [INFO] Completed processing Elementor widgets | Context: {"processed_count":2}
[03:31:37 UTC] [INFO] Completed processing Elementor widgets | Context: {"processed_count":3}
[03:31:37 UTC] [INFO] Processing Elementor widgets | Context: {"widget_count":1}
[03:31:37 UTC] [INFO] Processing Elementor widgets | Context: {"widget_count":2}
[03:31:37 UTC] [INFO] Processing Elementor widgets | Context: {"widget_count":0}
[03:31:37 UTC] [INFO] Completed processing Elementor widgets | Context: {"processed_count":0}
[03:31:37 UTC] [INFO] Processing Elementor widgets | Context: {"widget_count":0}
[03:31:37 UTC] [INFO] Completed processing Elementor widgets | Context: {"processed_count":0}
[03:31:37 UTC] [INFO] Completed processing Elementor widgets | Context: {"processed_count":2}
[03:31:37 UTC] [INFO] Completed processing Elementor widgets | Context: {"processed_count":1}
[03:31:37 UTC] [INFO] Processing Elementor widgets | Context: {"widget_count":3}
[03:31:37 UTC] [INFO] Processing Elementor widgets | Context: {"widget_count":2}
[03:31:37 UTC] [INFO] Processing Elementor widgets | Context: {"widget_count":0}
[03:31:37 UTC] [INFO] Completed processing Elementor widgets | Context: {"processed_count":0}
[03:31:37 UTC] [INFO] Processing Elementor widgets | Context: {"widget_count":0}
[03:31:37 UTC] [INFO] Completed processing Elementor widgets | Context: {"processed_count":0}
[03:31:37 UTC] [INFO] Completed processing Elementor widgets | Context: {"processed_count":2}
[03:31:37 UTC] [INFO] Processing Elementor widgets | Context: {"widget_count":1}
[03:31:37 UTC] [INFO] Processing Elementor widgets | Context: {"widget_count":0}
[03:31:37 UTC] [INFO] Completed processing Elementor widgets | Context: {"processed_count":0}
[03:31:37 UTC] [INFO] Completed processing Elementor widgets | Context: {"processed_count":1}
[03:31:37 UTC] [INFO] Processing Elementor widgets | Context: {"widget_count":1}
[03:31:37 UTC] [INFO] Processing Elementor widgets | Context: {"widget_count":0}
[03:31:37 UTC] [INFO] Completed processing Elementor widgets | Context: {"processed_count":0}
[03:31:37 UTC] [INFO] Completed processing Elementor widgets | Context: {"processed_count":1}
[03:31:37 UTC] [INFO] Completed processing Elementor widgets | Context: {"processed_count":3}
[03:31:37 UTC] [INFO] Processing Elementor widgets | Context: {"widget_count":1}
[03:31:37 UTC] [INFO] Processing Elementor widgets | Context: {"widget_count":3}
[03:31:37 UTC] [INFO] Processing Elementor widgets | Context: {"widget_count":0}
[03:31:37 UTC] [INFO] Completed processing Elementor widgets | Context: {"processed_count":0}
[03:31:37 UTC] [INFO] Processing Elementor widgets | Context: {"widget_count":0}
[03:31:37 UTC] [INFO] Completed processing Elementor widgets | Context: {"processed_count":0}
[03:31:37 UTC] [INFO] Processing Elementor widgets | Context: {"widget_count":0}
[03:31:37 UTC] [INFO] Completed processing Elementor widgets | Context: {"processed_count":0}
[03:31:37 UTC] [INFO] Completed processing Elementor widgets | Context: {"processed_count":3}
[03:31:37 UTC] [INFO] Completed processing Elementor widgets | Context: {"processed_count":1}
[03:31:37 UTC] [INFO] Completed processing Elementor widgets | Context: {"processed_count":5}
[03:31:37 UTC] [SUCCESS] Updated Elementor data successfully | Context: {"post_id":548}
[03:31:37 UTC] [INFO] Cleared Elementor cache | Context: {"post_id":548}
[03:31:37 UTC] [SUCCESS] Completed processing Elementor post | Context: {"post_id":548}
[03:31:37 UTC] [INFO] Processing Elementor post | Context: {"post_id":543}
[03:31:38 UTC] [INFO] Skipping post - not an Elementor page or missing data | Context: {"post_id":543,"has_version":false,"has_data":false}
[03:31:38 UTC] [INFO] Processing Elementor post | Context: {"post_id":498}
[03:31:38 UTC] [INFO] Skipping post - not an Elementor page or missing data | Context: {"post_id":498,"has_version":true,"has_data":false}
[03:31:38 UTC] [SUCCESS] Elementor batch processing completed successfully | Context: {"posts_processed":9}
[03:31:38 UTC] [INFO] Misc batch processing started
[03:31:38 UTC] [INFO] Misc batch processing skipped (not AI template)
[03:31:38 UTC] [INFO] Customizer image download batch processing started
[03:31:38 UTC] [INFO] Starting customizer image processing | Context: {"customizer_options_count":2077}
[03:31:38 UTC] [INFO] Processing customizer image | Context: {"original_url":"https:\/\/websitedemos.net\/clothing-store-02\/wp-content\/uploads\/sites\/1447\/2024\/03\/bg-10.jpg"}
[03:31:38 UTC] [INFO] Starting image import for URL: https://websitedemos.net/clothing-store-02/wp-content/uploads/sites/1447/2024/03/bg-10.jpg
[03:31:38 UTC] [INFO] Image already exists in media library (ID: 300), skipping download
[03:31:38 UTC] [SUCCESS] Customizer image processed successfully | Context: {"original_url":"https:\/\/websitedemos.net\/clothing-store-02\/wp-content\/uploads\/sites\/1447\/2024\/03\/bg-10.jpg","downloaded_url":"http:\/\/localhost\/hq-store\/wp-content\/uploads\/2024\/03\/bg-10.jpg","image_data":{"id":"300","url":"http:\/\/localhost\/hq-store\/wp-content\/uploads\/2024\/03\/bg-10.jpg"}}
[03:31:38 UTC] [SUCCESS] Customizer image download completed | Context: {"options_processed":2077,"images_processed_successfully":1,"images_failed":0,"total_images_attempted":1}
[03:31:38 UTC] [SUCCESS] Customizer batch import method completed
[03:31:38 UTC] [INFO] Starting CE image metadata processing | Context: {"total_attachments":40,"offset":10,"chunk_size":10}
[03:31:38 UTC] [INFO] Processing CE image batch | Context: {"batch_size":10,"offset":10}
[03:31:38 UTC] [INFO] Generating attachment metadata | Context: {"attachment_id":74,"file":"img-04-c.jpg"}
[03:31:39 UTC] [INFO] Import process completed. Cleaning up log file option.
[03:31:39 UTC] [INFO] Generating attachment metadata | Context: {"attachment_id":81,"file":"img-07-a.jpg"}
[03:31:40 UTC] [INFO] Generating attachment metadata | Context: {"attachment_id":82,"file":"img-07-b.jpg"}
[03:31:42 UTC] [INFO] Generating attachment metadata | Context: {"attachment_id":83,"file":"img-07-c.jpg"}
[03:31:43 UTC] [INFO] Generating attachment metadata | Context: {"attachment_id":84,"file":"img-08-a.jpg"}
[03:31:44 UTC] [INFO] Generating attachment metadata | Context: {"attachment_id":87,"file":"bg-01.jpg"}
[03:31:46 UTC] [INFO] Generating attachment metadata | Context: {"attachment_id":88,"file":"bg-02.jpg"}
[03:31:48 UTC] [INFO] Generating attachment metadata | Context: {"attachment_id":89,"file":"bg-03.jpg"}
[03:31:50 UTC] [INFO] Generating attachment metadata | Context: {"attachment_id":90,"file":"bg-04.jpg"}
[03:31:52 UTC] [INFO] Generating attachment metadata | Context: {"attachment_id":114,"file":"bg-03-b.jpg"}
[03:31:52 UTC] [SUCCESS] CE image batch processing completed | Context: {"successful":10,"errors":0,"new_offset":20}
[03:31:52 UTC] [INFO] Starting CE image metadata processing | Context: {"total_attachments":40,"offset":20,"chunk_size":10}
[03:31:52 UTC] [INFO] Processing CE image batch | Context: {"batch_size":10,"offset":20}
[03:31:52 UTC] [INFO] Generating attachment metadata | Context: {"attachment_id":127,"file":"bg-05-1.jpg"}
[03:31:54 UTC] [INFO] Generating attachment metadata | Context: {"attachment_id":137,"file":"bg-005.jpg"}
[03:31:56 UTC] [INFO] Generating attachment metadata | Context: {"attachment_id":298,"file":"bg-08.jpg"}
[03:31:57 UTC] [INFO] Generating attachment metadata | Context: {"attachment_id":299,"file":"bg-09.jpg"}
[03:31:58 UTC] [INFO] Generating attachment metadata | Context: {"attachment_id":300,"file":"bg-10.jpg"}
[03:31:59 UTC] [INFO] Generating attachment metadata | Context: {"attachment_id":301,"file":"bg-11.jpg"}
[03:32:01 UTC] [INFO] Generating attachment metadata | Context: {"attachment_id":480,"file":"img-01-a-black.jpg"}
[03:32:03 UTC] [INFO] Generating attachment metadata | Context: {"attachment_id":482,"file":"img-01-a-green.jpg"}
[03:32:04 UTC] [INFO] Generating attachment metadata | Context: {"attachment_id":486,"file":"img-01-a-red.jpg"}
[03:32:05 UTC] [INFO] Generating attachment metadata | Context: {"attachment_id":487,"file":"img-05-a-black.jpg"}
[03:32:07 UTC] [SUCCESS] CE image batch processing completed | Context: {"successful":10,"errors":0,"new_offset":30}